field_key,requiredness_lv2_rollup
acceptedCorrections,activity_profiles: ACT-019:required
activityDescription,component_payload: lessons:required
activityId,activity_profiles: ACT-001:required; ACT-002:required; ACT-003:required; ACT-004:required; ACT-005:required; ACT-009:required; ACT-010:required; ACT-011:required; ACT-012:required; ACT-013:required; ACT-014:required; ACT-015:required; ACT-016:required; ACT-017:required; ACT-018:required; ACT-019:required; ACT-020:required; ACT-021:required; ACT-022:required; ACT-023:required; ACT-024:required; ACT-025:required; ACT-026:required
activityTypes,component_payload: groups:required; lessons:required
aiInstructions,component_payload: groups:optional; lessons:optional; modules:optional; slides:optional | activity_profiles: ACT-001:optional; ACT-002:optional; ACT-003:optional; ACT-004:optional; ACT-005:optional; ACT-009:optional; ACT-010:optional; ACT-011:optional; ACT-012:optional; ACT-013:optional; ACT-014:optional; ACT-015:optional; ACT-016:optional; ACT-017:optional; ACT-018:optional; ACT-019:optional; ACT-020:optional; ACT-021:optional; ACT-022:optional; ACT-023:optional; ACT-024:optional; ACT-025:optional; ACT-026:optional
allowRetry,component_payload: groups:optional; lessons:optional | activity_profiles: ACT-001:required; ACT-002:required; ACT-003:required; ACT-004:required; ACT-005:required; ACT-009:required; ACT-010:required; ACT-011:required; ACT-012:required; ACT-013:required; ACT-014:required; ACT-015:required; ACT-016:required; ACT-017:required; ACT-018:required; ACT-019:required; ACT-020:required; ACT-021:required; ACT-022:required; ACT-023:required; ACT-024:required; ACT-025:required; ACT-026:required
allowSkip,component_payload: groups:optional; lessons:optional | activity_profiles: ACT-001:required; ACT-002:required; ACT-003:required; ACT-004:required; ACT-005:required; ACT-009:required; ACT-010:required; ACT-011:required; ACT-012:required; ACT-013:required; ACT-014:required; ACT-015:required; ACT-016:required; ACT-017:required; ACT-018:required; ACT-019:required; ACT-020:required; ACT-021:required; ACT-022:required; ACT-023:required; ACT-024:required; ACT-025:required; ACT-026:required
anecdoteOrMemoryHook,component_payload: groups:optional; slides:optional | activity_profiles: ACT-001:optional; ACT-002:optional; ACT-003:optional; ACT-004:optional; ACT-005:optional; ACT-009:optional; ACT-010:optional; ACT-011:optional; ACT-012:optional; ACT-013:optional; ACT-014:optional; ACT-015:optional; ACT-016:optional; ACT-017:optional; ACT-018:optional; ACT-019:optional; ACT-020:optional; ACT-021:optional; ACT-022:optional; ACT-023:optional; ACT-024:optional; ACT-025:optional; ACT-026:optional
assessmentPlan,component_payload: groups:optional; lessons:optional | activity_profiles: ACT-001:optional; ACT-002:optional; ACT-003:optional; ACT-004:optional; ACT-005:optional; ACT-009:optional; ACT-010:optional; ACT-011:optional; ACT-012:optional; ACT-013:optional; ACT-014:optional; ACT-015:optional; ACT-016:optional; ACT-017:optional; ACT-018:optional; ACT-019:optional; ACT-020:optional; ACT-021:optional; ACT-022:optional; ACT-023:optional; ACT-024:optional; ACT-025:optional; ACT-026:optional
audienceNotes,component_payload: groups:optional; lessons:optional; modules:optional | activity_profiles: ACT-001:optional; ACT-002:optional; ACT-003:optional; ACT-004:optional; ACT-005:optional; ACT-009:optional; ACT-010:optional; ACT-011:optional; ACT-012:optional; ACT-013:optional; ACT-014:optional; ACT-015:optional; ACT-016:optional; ACT-017:optional; ACT-018:optional; ACT-019:optional; ACT-020:optional; ACT-021:optional; ACT-022:optional; ACT-023:optional; ACT-024:optional; ACT-025:optional; ACT-026:optional
audioA,activity_profiles: ACT-003:required
audioB,activity_profiles: ACT-003:required
audioClips,activity_profiles: ACT-025:required
audioId,component_payload: lesson_ends:optional; slides:optional; title_slides:optional | activity_profiles: ACT-002:optional; ACT-003:optional; ACT-004:optional; ACT-005:optional; ACT-009:optional; ACT-010:optional; ACT-011:optional; ACT-012:optional; ACT-013:optional; ACT-014:optional; ACT-015:optional; ACT-016:optional; ACT-017:optional; ACT-018:optional; ACT-019:optional; ACT-020:optional; ACT-021:required; ACT-022:optional; ACT-023:optional; ACT-024:optional; ACT-025:optional; ACT-026:optional
audioPrompt,activity_profiles: ACT-002:required; ACT-004:required; ACT-009:required; ACT-020:required; ACT-026:required
authorNotes,component_payload: modules:optional
autoAdvance,component_payload: groups:optional | activity_profiles: ACT-001:optional; ACT-002:optional; ACT-003:optional; ACT-004:optional; ACT-005:optional; ACT-009:optional; ACT-010:optional; ACT-011:optional; ACT-012:optional; ACT-013:optional; ACT-014:optional; ACT-015:optional; ACT-016:optional; ACT-017:optional; ACT-018:optional; ACT-019:optional; ACT-020:optional; ACT-021:optional; ACT-022:optional; ACT-023:optional; ACT-024:optional; ACT-025:optional; ACT-026:optional
avatarDialogues,activity_profiles: ACT-023:required
blanks,activity_profiles: ACT-017:required
body,activity_profiles: ACT-001:optional; ACT-002:optional; ACT-003:optional; ACT-004:optional; ACT-005:optional; ACT-009:optional; ACT-010:optional; ACT-011:optional; ACT-012:optional; ACT-013:optional; ACT-014:optional; ACT-015:optional; ACT-016:optional; ACT-017:optional; ACT-018:optional; ACT-019:optional; ACT-020:optional; ACT-021:optional; ACT-022:optional; ACT-023:optional; ACT-024:optional; ACT-025:optional; ACT-026:optional
body1,component_payload: slides:required
body2,component_payload: slides:optional
body3,component_payload: slides:optional
body4,component_payload: slides:optional
body5,component_payload: slides:optional
body6,component_payload: slides:optional
body7,component_payload: slides:optional
body8,component_payload: slides:optional
breakingChangeGuard,component_payload: groups:optional; lessons:optional; modules:optional
buttons,component_payload: lesson_ends:optional; slides:optional; title_slides:optional | activity_profiles: ACT-001:optional; ACT-002:optional; ACT-003:optional; ACT-004:optional; ACT-005:optional; ACT-009:optional; ACT-010:optional; ACT-011:optional; ACT-012:optional; ACT-013:optional; ACT-014:optional; ACT-015:optional; ACT-016:optional; ACT-017:optional; ACT-018:optional; ACT-019:optional; ACT-020:optional; ACT-021:optional; ACT-022:optional; ACT-023:optional; ACT-024:optional; ACT-025:optional; ACT-026:optional
canonicalNodeKey,component_payload: groups:optional; lessons:optional; modules:optional
capstoneLesson,component_payload: modules:optional
categoryLabels,activity_profiles: ACT-013:required; ACT-014:required
cefrLevel,component_payload: groups:required; lessons:required | activity_profiles: ACT-001:required; ACT-002:required; ACT-003:required; ACT-004:required; ACT-005:required; ACT-009:required; ACT-010:required; ACT-011:required; ACT-012:required; ACT-013:required; ACT-014:required; ACT-015:required; ACT-016:required; ACT-017:required; ACT-018:required; ACT-019:required; ACT-020:required; ACT-021:required; ACT-022:required; ACT-023:required; ACT-024:required; ACT-025:required; ACT-026:required
cefrMax,component_payload: groups:required; lessons:required; modules:required | activity_profiles: ACT-001:required; ACT-002:required; ACT-003:required; ACT-004:required; ACT-005:required; ACT-009:required; ACT-010:required; ACT-011:required; ACT-012:required; ACT-013:required; ACT-014:required; ACT-015:required; ACT-016:required; ACT-017:required; ACT-018:required; ACT-019:required; ACT-020:required; ACT-021:required; ACT-022:required; ACT-023:required; ACT-024:required; ACT-025:required; ACT-026:required
cefrMin,component_payload: groups:required; lessons:required; modules:required | activity_profiles: ACT-001:required; ACT-002:required; ACT-003:required; ACT-004:required; ACT-005:required; ACT-009:required; ACT-010:required; ACT-011:required; ACT-012:required; ACT-013:required; ACT-014:required; ACT-015:required; ACT-016:required; ACT-017:required; ACT-018:required; ACT-019:required; ACT-020:required; ACT-021:required; ACT-022:required; ACT-023:required; ACT-024:required; ACT-025:required; ACT-026:required
changeImpactAssessment,component_payload: groups:optional; lessons:optional; modules:optional
choiceElements,activity_profiles: ACT-003:required; ACT-009:required; ACT-010:required; ACT-012:required; ACT-021:required
commonMisconceptions,component_payload: groups:required; lessons:optional; modules:optional; slides:optional | activity_profiles: ACT-001:optional; ACT-002:optional; ACT-003:optional; ACT-004:optional; ACT-005:optional; ACT-009:optional; ACT-010:optional; ACT-011:optional; ACT-012:optional; ACT-013:optional; ACT-014:optional; ACT-015:optional; ACT-016:optional; ACT-017:optional; ACT-018:optional; ACT-019:optional; ACT-020:optional; ACT-021:optional; ACT-022:optional; ACT-023:optional; ACT-024:optional; ACT-025:optional; ACT-026:optional
competencyTags,component_payload: groups:required; lessons:optional; modules:optional | activity_profiles: ACT-001:optional; ACT-002:optional; ACT-003:optional; ACT-004:optional; ACT-005:optional; ACT-009:optional; ACT-010:optional; ACT-011:optional; ACT-012:optional; ACT-013:optional; ACT-014:optional; ACT-015:optional; ACT-016:optional; ACT-017:optional; ACT-018:optional; ACT-019:optional; ACT-020:optional; ACT-021:optional; ACT-022:optional; ACT-023:optional; ACT-024:optional; ACT-025:optional; ACT-026:optional
coreTopics,component_payload: lessons:required; modules:required | activity_profiles: ACT-001:required; ACT-002:required; ACT-003:required; ACT-004:required; ACT-005:required; ACT-009:required; ACT-010:required; ACT-011:required; ACT-012:required; ACT-013:required; ACT-014:required; ACT-015:required; ACT-016:required; ACT-017:required; ACT-018:required; ACT-019:required; ACT-020:required; ACT-021:required; ACT-022:required; ACT-023:required; ACT-024:required; ACT-025:required; ACT-026:required
correctAnswer,activity_profiles: ACT-009:required; ACT-010:required; ACT-011:required; ACT-021:required
correctCurveId,activity_profiles: ACT-004:required
correctOddIndex,activity_profiles: ACT-012:required
correctOrderClips,activity_profiles: ACT-025:required
correctOrderWords,activity_profiles: ACT-015:required
correctStressIndex,activity_profiles: ACT-002:required
culturalContext,component_payload: groups:required; lessons:optional; slides:optional | activity_profiles: ACT-001:optional; ACT-002:optional; ACT-003:optional; ACT-004:optional; ACT-005:optional; ACT-009:optional; ACT-010:optional; ACT-011:optional; ACT-012:optional; ACT-013:optional; ACT-014:optional; ACT-015:optional; ACT-016:optional; ACT-017:optional; ACT-018:optional; ACT-019:optional; ACT-020:optional; ACT-021:optional; ACT-022:optional; ACT-023:optional; ACT-024:optional; ACT-025:optional; ACT-026:optional
defaultLang,component_payload: groups:required; lesson_ends:required; lessons:required; modules:optional; slides:required; title_slides:required | activity_profiles: ACT-001:required; ACT-002:required; ACT-003:required; ACT-004:required; ACT-005:required; ACT-009:required; ACT-010:required; ACT-011:required; ACT-012:required; ACT-013:required; ACT-014:required; ACT-015:required; ACT-016:required; ACT-017:required; ACT-018:required; ACT-019:required; ACT-020:required; ACT-021:required; ACT-022:required; ACT-023:required; ACT-024:required; ACT-025:required; ACT-026:required
delayMs,activity_profiles: ACT-001:optional; ACT-002:optional; ACT-003:optional; ACT-004:optional; ACT-005:optional; ACT-009:optional; ACT-010:optional; ACT-011:optional; ACT-012:optional; ACT-013:optional; ACT-014:optional; ACT-015:optional; ACT-016:optional; ACT-017:optional; ACT-018:optional; ACT-019:optional; ACT-020:optional; ACT-021:optional; ACT-022:optional; ACT-023:optional; ACT-024:optional; ACT-025:optional; ACT-026:optional
description,component_payload: groups:required; lessons:required; modules:required; slides:required; title_slides:required | activity_profiles: ACT-001:required; ACT-002:required; ACT-003:required; ACT-004:required; ACT-005:required; ACT-009:required; ACT-010:required; ACT-011:required; ACT-012:required; ACT-013:required; ACT-014:required; ACT-015:required; ACT-016:required; ACT-017:required; ACT-018:required; ACT-019:required; ACT-020:required; ACT-021:required; ACT-022:required; ACT-023:required; ACT-024:required; ACT-025:required; ACT-026:required
diagnosticChecks,component_payload: groups:optional; lessons:optional | activity_profiles: ACT-001:optional; ACT-002:optional; ACT-003:optional; ACT-004:optional; ACT-005:optional; ACT-009:optional; ACT-010:optional; ACT-011:optional; ACT-012:optional; ACT-013:optional; ACT-014:optional; ACT-015:optional; ACT-016:optional; ACT-017:optional; ACT-018:optional; ACT-019:optional; ACT-020:optional; ACT-021:optional; ACT-022:optional; ACT-023:optional; ACT-024:optional; ACT-025:optional; ACT-026:optional
differentiationPaths,component_payload: groups:optional; lessons:optional; modules:optional; slides:optional | activity_profiles: ACT-001:optional; ACT-002:optional; ACT-003:optional; ACT-004:optional; ACT-005:optional; ACT-009:optional; ACT-010:optional; ACT-011:optional; ACT-012:optional; ACT-013:optional; ACT-014:optional; ACT-015:optional; ACT-016:optional; ACT-017:optional; ACT-018:optional; ACT-019:optional; ACT-020:optional; ACT-021:optional; ACT-022:optional; ACT-023:optional; ACT-024:optional; ACT-025:optional; ACT-026:optional
differentiationStrategies,component_payload: groups:optional; lessons:optional; modules:optional | activity_profiles: ACT-001:optional; ACT-002:optional; ACT-003:optional; ACT-004:optional; ACT-005:optional; ACT-009:optional; ACT-010:optional; ACT-011:optional; ACT-012:optional; ACT-013:optional; ACT-014:optional; ACT-015:optional; ACT-016:optional; ACT-017:optional; ACT-018:optional; ACT-019:optional; ACT-020:optional; ACT-021:optional; ACT-022:optional; ACT-023:optional; ACT-024:optional; ACT-025:optional; ACT-026:optional
diffLog,component_payload: groups:optional; lesson_ends:optional; lessons:optional; modules:optional; slides:optional; title_slides:optional | activity_profiles: ACT-001:optional; ACT-002:optional; ACT-003:optional; ACT-004:optional; ACT-005:optional; ACT-009:optional; ACT-010:optional; ACT-011:optional; ACT-012:optional; ACT-013:optional; ACT-014:optional; ACT-015:optional; ACT-016:optional; ACT-017:optional; ACT-018:optional; ACT-019:optional; ACT-020:optional; ACT-021:optional; ACT-022:optional; ACT-023:optional; ACT-024:optional; ACT-025:optional; ACT-026:optional
discourseFocus,component_payload: groups:optional; lessons:optional; modules:optional | activity_profiles: ACT-001:optional; ACT-002:optional; ACT-003:optional; ACT-004:optional; ACT-005:optional; ACT-009:optional; ACT-010:optional; ACT-011:optional; ACT-012:optional; ACT-013:optional; ACT-014:optional; ACT-015:optional; ACT-016:optional; ACT-017:optional; ACT-018:optional; ACT-019:optional; ACT-020:optional; ACT-021:optional; ACT-022:optional; ACT-023:optional; ACT-024:optional; ACT-025:optional; ACT-026:optional
errorIndex,activity_profiles: ACT-019:required
estimatedMinutes,component_payload: groups:required; lessons:optional | activity_profiles: ACT-001:required; ACT-002:required; ACT-003:required; ACT-004:required; ACT-005:required; ACT-009:required; ACT-010:required; ACT-011:required; ACT-012:required; ACT-013:required; ACT-014:required; ACT-015:required; ACT-016:required; ACT-017:required; ACT-018:required; ACT-019:required; ACT-020:required; ACT-021:required; ACT-022:required; ACT-023:required; ACT-024:required; ACT-025:required; ACT-026:required
exampleResponses,component_payload: groups:optional; lessons:optional | activity_profiles: ACT-001:optional; ACT-002:optional; ACT-003:optional; ACT-004:required; ACT-005:optional; ACT-009:optional; ACT-010:optional; ACT-011:optional; ACT-012:optional; ACT-013:optional; ACT-014:optional; ACT-015:optional; ACT-016:optional; ACT-017:optional; ACT-018:optional; ACT-019:optional; ACT-020:optional; ACT-021:optional; ACT-022:optional; ACT-023:optional; ACT-024:optional; ACT-025:optional; ACT-026:optional
expansionGuidelines,component_payload: groups:optional; lessons:optional; modules:optional; slides:optional | activity_profiles: ACT-001:optional; ACT-002:optional; ACT-003:optional; ACT-004:optional; ACT-005:optional; ACT-009:optional; ACT-010:optional; ACT-011:optional; ACT-012:optional; ACT-013:optional; ACT-014:optional; ACT-015:optional; ACT-016:optional; ACT-017:optional; ACT-018:optional; ACT-019:optional; ACT-020:optional; ACT-021:optional; ACT-022:optional; ACT-023:optional; ACT-024:optional; ACT-025:optional; ACT-026:optional
expectedCompletionRate,component_payload: groups:optional; lessons:optional; modules:optional | activity_profiles: ACT-001:optional; ACT-002:optional; ACT-003:optional; ACT-004:optional; ACT-005:optional; ACT-009:optional; ACT-010:optional; ACT-011:optional; ACT-012:optional; ACT-013:optional; ACT-014:optional; ACT-015:optional; ACT-016:optional; ACT-017:optional; ACT-018:optional; ACT-019:optional; ACT-020:optional; ACT-021:optional; ACT-022:optional; ACT-023:optional; ACT-024:optional; ACT-025:optional; ACT-026:optional
expectedModuleDurationMinutes,component_payload: modules:optional
expectedTimeOnTask,component_payload: groups:optional; lessons:optional | activity_profiles: ACT-001:optional; ACT-002:optional; ACT-003:optional; ACT-004:optional; ACT-005:optional; ACT-009:optional; ACT-010:optional; ACT-011:optional; ACT-012:optional; ACT-013:optional; ACT-014:optional; ACT-015:optional; ACT-016:optional; ACT-017:optional; ACT-018:optional; ACT-019:optional; ACT-020:optional; ACT-021:optional; ACT-022:optional; ACT-023:optional; ACT-024:optional; ACT-025:optional; ACT-026:optional
experimentFlag,component_payload: groups:optional; lessons:optional; modules:optional
extractabilityTier,component_payload: groups:required | activity_profiles: ACT-001:optional; ACT-002:optional; ACT-003:optional; ACT-004:optional; ACT-005:optional; ACT-009:optional; ACT-010:optional; ACT-011:optional; ACT-012:optional; ACT-013:optional; ACT-014:optional; ACT-015:optional; ACT-016:optional; ACT-017:optional; ACT-018:optional; ACT-019:optional; ACT-020:optional; ACT-021:optional; ACT-022:optional; ACT-023:optional; ACT-024:optional; ACT-025:optional; ACT-026:optional
extraPracticeNotes,component_payload: groups:optional; lesson_ends:optional; lessons:optional; slides:optional | activity_profiles: ACT-001:optional; ACT-002:optional; ACT-003:optional; ACT-004:optional; ACT-005:optional; ACT-009:optional; ACT-010:optional; ACT-011:optional; ACT-012:optional; ACT-013:optional; ACT-014:optional; ACT-015:optional; ACT-016:optional; ACT-017:optional; ACT-018:optional; ACT-019:optional; ACT-020:optional; ACT-021:optional; ACT-022:optional; ACT-023:optional; ACT-024:optional; ACT-025:optional; ACT-026:optional
forbiddenPatterns,component_payload: groups:optional; lessons:optional; modules:optional; slides:optional | activity_profiles: ACT-001:optional; ACT-002:optional; ACT-003:optional; ACT-004:optional; ACT-005:optional; ACT-009:optional; ACT-010:optional; ACT-011:optional; ACT-012:optional; ACT-013:optional; ACT-014:optional; ACT-015:optional; ACT-016:optional; ACT-017:optional; ACT-018:optional; ACT-019:optional; ACT-020:optional; ACT-021:optional; ACT-022:optional; ACT-023:optional; ACT-024:optional; ACT-025:optional; ACT-026:optional
grammarFocus,component_payload: groups:optional; lessons:optional; modules:optional | activity_profiles: ACT-001:optional; ACT-002:optional; ACT-003:optional; ACT-004:optional; ACT-005:optional; ACT-009:optional; ACT-010:optional; ACT-011:optional; ACT-012:optional; ACT-013:optional; ACT-014:optional; ACT-015:optional; ACT-016:optional; ACT-017:optional; ACT-018:optional; ACT-019:optional; ACT-020:optional; ACT-021:optional; ACT-022:optional; ACT-023:optional; ACT-024:optional; ACT-025:optional; ACT-026:optional
groupGoal,component_payload: groups:required
groupId,component_payload: groups:required; slides:required | activity_profiles: ACT-001:required; ACT-002:required; ACT-003:required; ACT-004:required; ACT-005:required; ACT-009:required; ACT-010:required; ACT-011:required; ACT-012:required; ACT-013:required; ACT-014:required; ACT-015:required; ACT-016:required; ACT-017:required; ACT-018:required; ACT-019:required; ACT-020:required; ACT-021:required; ACT-022:required; ACT-023:required; ACT-024:required; ACT-025:required; ACT-026:required
groupName,component_payload: groups:required; slides:required | activity_profiles: ACT-001:optional; ACT-002:optional; ACT-003:optional; ACT-004:optional; ACT-005:optional; ACT-009:optional; ACT-010:optional; ACT-011:optional; ACT-012:optional; ACT-013:optional; ACT-014:optional; ACT-015:optional; ACT-016:optional; ACT-017:optional; ACT-018:optional; ACT-019:optional; ACT-020:optional; ACT-021:optional; ACT-022:optional; ACT-023:optional; ACT-024:optional; ACT-025:optional; ACT-026:optional
groupPlan,component_payload: groups:required; lessons:optional
groupSlidesPlan,component_payload: groups:required
groupSummary,component_payload: groups:required
groupType,component_payload: groups:required
imageUrl,activity_profiles: ACT-024:optional
incorrectSentence,activity_profiles: ACT-019:required
ingestPayload,component_payload: groups:required; lesson_ends:required; lessons:required; modules:required; slides:required; title_slides:required | activity_profiles: ACT-001:required; ACT-002:required; ACT-003:required; ACT-004:required; ACT-005:required; ACT-009:required; ACT-010:required; ACT-011:required; ACT-012:required; ACT-013:required; ACT-014:required; ACT-015:required; ACT-016:required; ACT-017:required; ACT-018:required; ACT-019:required; ACT-020:required; ACT-021:required; ACT-022:required; ACT-023:required; ACT-024:required; ACT-025:required; ACT-026:required
ingestSource,component_payload: groups:required; lesson_ends:required; lessons:required; modules:required; slides:required; title_slides:required | activity_profiles: ACT-001:required; ACT-002:required; ACT-003:required; ACT-004:required; ACT-005:required; ACT-009:required; ACT-010:required; ACT-011:required; ACT-012:required; ACT-013:required; ACT-014:required; ACT-015:required; ACT-016:required; ACT-017:required; ACT-018:required; ACT-019:required; ACT-020:required; ACT-021:required; ACT-022:required; ACT-023:required; ACT-024:required; ACT-025:required; ACT-026:required
instructions,component_payload: slides:optional; title_slides:optional | activity_profiles: ACT-001:required; ACT-002:required; ACT-003:required; ACT-004:required; ACT-005:required; ACT-009:required; ACT-010:required; ACT-011:required; ACT-012:required; ACT-013:required; ACT-014:required; ACT-015:required; ACT-016:required; ACT-017:required; ACT-018:required; ACT-019:required; ACT-020:required; ACT-021:required; ACT-022:required; ACT-023:required; ACT-024:required; ACT-025:required; ACT-026:required
intonationOptions,activity_profiles: ACT-004:required
isRequiredToPass,component_payload: groups:optional | activity_profiles: ACT-001:required; ACT-002:required; ACT-003:required; ACT-004:required; ACT-005:required; ACT-009:required; ACT-010:required; ACT-011:required; ACT-012:required; ACT-013:required; ACT-014:required; ACT-015:required; ACT-016:required; ACT-017:required; ACT-018:required; ACT-019:required; ACT-020:required; ACT-021:required; ACT-022:required; ACT-023:required; ACT-024:required; ACT-025:required; ACT-026:required
keyTakeawaysLesson,component_payload: lessons:required
keyTakeawaysSlide,component_payload: slides:required
keywords,component_payload: groups:required; lessons:required; modules:required | activity_profiles: ACT-001:required; ACT-002:required; ACT-003:required; ACT-004:required; ACT-005:required; ACT-009:required; ACT-010:required; ACT-011:required; ACT-012:required; ACT-013:required; ACT-014:required; ACT-015:required; ACT-016:required; ACT-017:required; ACT-018:required; ACT-019:required; ACT-020:required; ACT-021:required; ACT-022:required; ACT-023:required; ACT-024:required; ACT-025:required; ACT-026:required
keywordThreshold,activity_profiles: ACT-022:required
l1InterferenceNotes,component_payload: groups:optional; lessons:optional; slides:optional | activity_profiles: ACT-001:optional; ACT-002:optional; ACT-003:optional; ACT-004:optional; ACT-005:optional; ACT-009:optional; ACT-010:optional; ACT-011:optional; ACT-012:optional; ACT-013:optional; ACT-014:optional; ACT-015:optional; ACT-016:optional; ACT-017:optional; ACT-018:optional; ACT-019:optional; ACT-020:optional; ACT-021:optional; ACT-022:optional; ACT-023:optional; ACT-024:optional; ACT-025:optional; ACT-026:optional
lastUpdatedAt,component_payload: groups:required; lesson_ends:required; lessons:required; modules:required; slides:required; title_slides:required | activity_profiles: ACT-001:required; ACT-002:required; ACT-003:required; ACT-004:required; ACT-005:required; ACT-009:required; ACT-010:required; ACT-011:required; ACT-012:required; ACT-013:required; ACT-014:required; ACT-015:required; ACT-016:required; ACT-017:required; ACT-018:required; ACT-019:required; ACT-020:required; ACT-021:required; ACT-022:required; ACT-023:required; ACT-024:required; ACT-025:required; ACT-026:required
lastUpdatedBy,component_payload: groups:required; lesson_ends:required; lessons:required; modules:required; slides:required; title_slides:required | activity_profiles: ACT-001:required; ACT-002:required; ACT-003:required; ACT-004:required; ACT-005:required; ACT-009:required; ACT-010:required; ACT-011:required; ACT-012:required; ACT-013:required; ACT-014:required; ACT-015:required; ACT-016:required; ACT-017:required; ACT-018:required; ACT-019:required; ACT-020:required; ACT-021:required; ACT-022:required; ACT-023:required; ACT-024:required; ACT-025:required; ACT-026:required
learningGoalPreviewGroup,component_payload: groups:required
learningGoalPreviewLesson,component_payload: lessons:required
learningGoalPreviewModule,component_payload: modules:required
learningObjectives,component_payload: groups:required; lessons:required; modules:required; slides:required | activity_profiles: ACT-001:required; ACT-002:required; ACT-003:required; ACT-004:required; ACT-005:required; ACT-009:required; ACT-010:required; ACT-011:required; ACT-012:required; ACT-013:required; ACT-014:required; ACT-015:required; ACT-016:required; ACT-017:required; ACT-018:required; ACT-019:required; ACT-020:required; ACT-021:required; ACT-022:required; ACT-023:required; ACT-024:required; ACT-025:required; ACT-026:required
lessonEndActions,component_payload: lesson_ends:required
lessonEndMessage,component_payload: lesson_ends:required
lessonId,component_payload: groups:required; lesson_ends:required; lessons:required; slides:required; title_slides:required | activity_profiles: ACT-001:required; ACT-002:required; ACT-003:required; ACT-004:required; ACT-005:required; ACT-009:required; ACT-010:required; ACT-011:required; ACT-012:required; ACT-013:required; ACT-014:required; ACT-015:required; ACT-016:required; ACT-017:required; ACT-018:required; ACT-019:required; ACT-020:required; ACT-021:required; ACT-022:required; ACT-023:required; ACT-024:required; ACT-025:required; ACT-026:required
lessonSequenceRules,component_payload: modules:optional
letterUnits,activity_profiles: ACT-024:required
level,component_payload: modules:required
levelMax,component_payload: groups:required; lessons:required; modules:required | activity_profiles: ACT-001:required; ACT-002:required; ACT-003:required; ACT-004:required; ACT-005:required; ACT-009:required; ACT-010:required; ACT-011:required; ACT-012:required; ACT-013:required; ACT-014:required; ACT-015:required; ACT-016:required; ACT-017:required; ACT-018:required; ACT-019:required; ACT-020:required; ACT-021:required; ACT-022:required; ACT-023:required; ACT-024:required; ACT-025:required; ACT-026:required
levelMin,component_payload: groups:required; lessons:required; modules:required | activity_profiles: ACT-001:required; ACT-002:required; ACT-003:required; ACT-004:required; ACT-005:required; ACT-009:required; ACT-010:required; ACT-011:required; ACT-012:required; ACT-013:required; ACT-014:required; ACT-015:required; ACT-016:required; ACT-017:required; ACT-018:required; ACT-019:required; ACT-020:required; ACT-021:required; ACT-022:required; ACT-023:required; ACT-024:required; ACT-025:required; ACT-026:required
lines,activity_profiles: ACT-001:required; ACT-005:required
linkedGroups,component_payload: groups:required
linkedModules,component_payload: modules:required
linkedResources,component_payload: groups:optional; lessons:optional; modules:optional | activity_profiles: ACT-001:optional; ACT-002:optional; ACT-003:optional; ACT-004:optional; ACT-005:optional; ACT-009:optional; ACT-010:optional; ACT-011:optional; ACT-012:optional; ACT-013:optional; ACT-014:optional; ACT-015:optional; ACT-016:optional; ACT-017:optional; ACT-018:optional; ACT-019:optional; ACT-020:optional; ACT-021:optional; ACT-022:optional; ACT-023:optional; ACT-024:optional; ACT-025:optional; ACT-026:optional
manualOverrideJson,component_payload: groups:optional; lessons:optional; modules:optional | activity_profiles: ACT-001:optional; ACT-002:optional; ACT-003:optional; ACT-004:optional; ACT-005:optional; ACT-009:optional; ACT-010:optional; ACT-011:optional; ACT-012:optional; ACT-013:optional; ACT-014:optional; ACT-015:optional; ACT-016:optional; ACT-017:optional; ACT-018:optional; ACT-019:optional; ACT-020:optional; ACT-021:optional; ACT-022:optional; ACT-023:optional; ACT-024:optional; ACT-025:optional; ACT-026:optional
masteryRule,component_payload: groups:optional; lessons:optional | activity_profiles: ACT-001:optional; ACT-002:optional; ACT-003:optional; ACT-004:optional; ACT-005:optional; ACT-009:optional; ACT-010:optional; ACT-011:optional; ACT-012:optional; ACT-013:optional; ACT-014:optional; ACT-015:optional; ACT-016:optional; ACT-017:optional; ACT-018:optional; ACT-019:optional; ACT-020:optional; ACT-021:optional; ACT-022:optional; ACT-023:optional; ACT-024:optional; ACT-025:optional; ACT-026:optional
masteryThreshold,component_payload: groups:optional; lessons:optional | activity_profiles: ACT-001:optional; ACT-002:optional; ACT-003:optional; ACT-004:optional; ACT-005:optional; ACT-009:optional; ACT-010:optional; ACT-011:optional; ACT-012:optional; ACT-013:optional; ACT-014:optional; ACT-015:optional; ACT-016:optional; ACT-017:optional; ACT-018:optional; ACT-019:optional; ACT-020:optional; ACT-021:optional; ACT-022:optional; ACT-023:optional; ACT-024:optional; ACT-025:optional; ACT-026:optional
matchPairs,activity_profiles: ACT-013:required
maxAttempts,component_payload: groups:optional; lessons:optional | activity_profiles: ACT-001:required; ACT-002:required; ACT-003:required; ACT-004:required; ACT-005:required; ACT-009:required; ACT-010:required; ACT-011:required; ACT-012:required; ACT-013:required; ACT-014:required; ACT-015:required; ACT-016:required; ACT-017:required; ACT-018:required; ACT-019:required; ACT-020:required; ACT-021:required; ACT-022:required; ACT-023:required; ACT-024:required; ACT-025:required; ACT-026:required
maxRetries,activity_profiles: ACT-024:required
maxScoreValue,component_payload: groups:optional | activity_profiles: ACT-001:required; ACT-002:required; ACT-003:required; ACT-004:required; ACT-005:required; ACT-009:required; ACT-010:required; ACT-011:required; ACT-012:required; ACT-013:required; ACT-014:required; ACT-015:required; ACT-016:required; ACT-017:required; ACT-018:required; ACT-019:required; ACT-020:required; ACT-021:required; ACT-022:required; ACT-023:required; ACT-024:required; ACT-025:required; ACT-026:required
maxWordCount,activity_profiles: ACT-022:required
metadata,component_payload: groups:optional; lesson_ends:optional; modules:optional; slides:optional; title_slides:optional | activity_profiles: ACT-001:optional; ACT-002:optional; ACT-003:optional; ACT-004:optional; ACT-005:optional; ACT-009:optional; ACT-010:optional; ACT-011:optional; ACT-012:optional; ACT-013:optional; ACT-014:optional; ACT-015:optional; ACT-016:optional; ACT-017:optional; ACT-018:optional; ACT-019:optional; ACT-020:optional; ACT-021:optional; ACT-022:optional; ACT-023:optional; ACT-024:optional; ACT-025:optional; ACT-026:optional
minAttemptsBeforeSkip,component_payload: groups:optional; lessons:optional | activity_profiles: ACT-001:required; ACT-002:required; ACT-003:required; ACT-004:required; ACT-005:required; ACT-009:required; ACT-010:required; ACT-011:required; ACT-012:required; ACT-013:required; ACT-014:required; ACT-015:required; ACT-016:required; ACT-017:required; ACT-018:required; ACT-019:required; ACT-020:required; ACT-021:required; ACT-022:required; ACT-023:required; ACT-024:required; ACT-025:required; ACT-026:required
minWordCount,activity_profiles: ACT-022:required
moduleAssessmentPlan,component_payload: modules:required
moduleGoal,component_payload: modules:required
moduleId,component_payload: groups:required; lesson_ends:required; lessons:required; modules:required; slides:required; title_slides:required | activity_profiles: ACT-001:required; ACT-002:required; ACT-003:required; ACT-004:required; ACT-005:required; ACT-009:required; ACT-010:required; ACT-011:required; ACT-012:required; ACT-013:required; ACT-014:required; ACT-015:required; ACT-016:required; ACT-017:required; ACT-018:required; ACT-019:required; ACT-020:required; ACT-021:required; ACT-022:required; ACT-023:required; ACT-024:required; ACT-025:required; ACT-026:required
moduleMasteryRule,component_payload: modules:required
moduleMasteryThreshold,component_payload: modules:required
moduleOutcomes,component_payload: modules:required
note,activity_profiles: ACT-001:optional; ACT-002:optional; ACT-003:optional; ACT-004:optional; ACT-005:optional; ACT-009:optional; ACT-010:optional; ACT-011:optional; ACT-012:optional; ACT-013:optional; ACT-014:optional; ACT-015:optional; ACT-016:optional; ACT-017:optional; ACT-018:optional; ACT-019:optional; ACT-020:optional; ACT-021:optional; ACT-022:optional; ACT-023:optional; ACT-024:optional; ACT-025:optional; ACT-026:optional
notesForTeacherOrAI,component_payload: groups:optional; lessons:optional; slides:optional | activity_profiles: ACT-001:optional; ACT-002:optional; ACT-003:optional; ACT-004:optional; ACT-005:optional; ACT-009:optional; ACT-010:optional; ACT-011:optional; ACT-012:optional; ACT-013:optional; ACT-014:optional; ACT-015:optional; ACT-016:optional; ACT-017:optional; ACT-018:optional; ACT-019:optional; ACT-020:optional; ACT-021:optional; ACT-022:optional; ACT-023:optional; ACT-024:optional; ACT-025:optional; ACT-026:optional
optionalLessons,component_payload: modules:optional
orderIndex,component_payload: groups:required; lesson_ends:required; lessons:required; modules:optional; slides:required | activity_profiles: ACT-001:required; ACT-002:required; ACT-003:required; ACT-004:required; ACT-005:required; ACT-009:required; ACT-010:required; ACT-011:required; ACT-012:required; ACT-013:required; ACT-014:required; ACT-015:required; ACT-016:required; ACT-017:required; ACT-018:required; ACT-019:required; ACT-020:required; ACT-021:required; ACT-022:required; ACT-023:required; ACT-024:required; ACT-025:required; ACT-026:required
ownerTeam,component_payload: groups:required; lesson_ends:required; lessons:required; modules:required; slides:required; title_slides:required | activity_profiles: ACT-001:required; ACT-002:required; ACT-003:required; ACT-004:required; ACT-005:required; ACT-009:required; ACT-010:required; ACT-011:required; ACT-012:required; ACT-013:required; ACT-014:required; ACT-015:required; ACT-016:required; ACT-017:required; ACT-018:required; ACT-019:required; ACT-020:required; ACT-021:required; ACT-022:required; ACT-023:required; ACT-024:required; ACT-025:required; ACT-026:required
pacingNotes,component_payload: groups:optional; lessons:optional
passingScoreType,component_payload: groups:optional | activity_profiles: ACT-001:required; ACT-002:required; ACT-003:required; ACT-004:required; ACT-005:required; ACT-009:required; ACT-010:required; ACT-011:required; ACT-012:required; ACT-013:required; ACT-014:required; ACT-015:required; ACT-016:required; ACT-017:required; ACT-018:required; ACT-019:required; ACT-020:required; ACT-021:required; ACT-022:required; ACT-023:required; ACT-024:required; ACT-025:required; ACT-026:required
passingScoreValue,component_payload: groups:optional | activity_profiles: ACT-001:required; ACT-002:required; ACT-003:required; ACT-004:required; ACT-005:required; ACT-009:required; ACT-010:required; ACT-011:required; ACT-012:required; ACT-013:required; ACT-014:required; ACT-015:required; ACT-016:required; ACT-017:required; ACT-018:required; ACT-019:required; ACT-020:required; ACT-021:required; ACT-022:required; ACT-023:required; ACT-024:required; ACT-025:required; ACT-026:required
passRequiredForNext,component_payload: groups:optional; lessons:optional | activity_profiles: ACT-001:optional; ACT-002:optional; ACT-003:optional; ACT-004:optional; ACT-005:optional; ACT-009:optional; ACT-010:optional; ACT-011:optional; ACT-012:optional; ACT-013:optional; ACT-014:optional; ACT-015:optional; ACT-016:optional; ACT-017:optional; ACT-018:optional; ACT-019:optional; ACT-020:optional; ACT-021:optional; ACT-022:optional; ACT-023:optional; ACT-024:optional; ACT-025:optional; ACT-026:optional
passThreshold,activity_profiles: ACT-024:required
pedagogicalStrategy,component_payload: lessons:optional; modules:required
practiceProgression,component_payload: lessons:optional
prerequisiteEdges,component_payload: groups:required; lessons:required | activity_profiles: ACT-001:required; ACT-002:required; ACT-003:required; ACT-004:required; ACT-005:required; ACT-009:required; ACT-010:required; ACT-011:required; ACT-012:required; ACT-013:required; ACT-014:required; ACT-015:required; ACT-016:required; ACT-017:required; ACT-018:required; ACT-019:required; ACT-020:required; ACT-021:required; ACT-022:required; ACT-023:required; ACT-024:required; ACT-025:required; ACT-026:required
prerequisiteModules,component_payload: modules:required | activity_profiles: ACT-001:required; ACT-002:required; ACT-003:required; ACT-004:required; ACT-005:required; ACT-009:required; ACT-010:required; ACT-011:required; ACT-012:required; ACT-013:required; ACT-014:required; ACT-015:required; ACT-016:required; ACT-017:required; ACT-018:required; ACT-019:required; ACT-020:required; ACT-021:required; ACT-022:required; ACT-023:required; ACT-024:required; ACT-025:required; ACT-026:required
prerequisiteNodes,component_payload: groups:required; lessons:required | activity_profiles: ACT-001:required; ACT-002:required; ACT-003:required; ACT-004:required; ACT-005:required; ACT-009:required; ACT-010:required; ACT-011:required; ACT-012:required; ACT-013:required; ACT-014:required; ACT-015:required; ACT-016:required; ACT-017:required; ACT-018:required; ACT-019:required; ACT-020:required; ACT-021:required; ACT-022:required; ACT-023:required; ACT-024:required; ACT-025:required; ACT-026:required
prerequisites,component_payload: groups:required; lessons:required | activity_profiles: ACT-001:optional; ACT-002:optional; ACT-003:optional; ACT-004:optional; ACT-005:optional; ACT-009:optional; ACT-010:optional; ACT-011:optional; ACT-012:optional; ACT-013:optional; ACT-014:optional; ACT-015:optional; ACT-016:optional; ACT-017:optional; ACT-018:optional; ACT-019:optional; ACT-020:optional; ACT-021:optional; ACT-022:optional; ACT-023:optional; ACT-024:optional; ACT-025:optional; ACT-026:optional
prerequisiteSlices,component_payload: groups:required; lessons:required | activity_profiles: ACT-001:required; ACT-002:required; ACT-003:required; ACT-004:required; ACT-005:required; ACT-009:required; ACT-010:required; ACT-011:required; ACT-012:required; ACT-013:required; ACT-014:required; ACT-015:required; ACT-016:required; ACT-017:required; ACT-018:required; ACT-019:required; ACT-020:required; ACT-021:required; ACT-022:required; ACT-023:required; ACT-024:required; ACT-025:required; ACT-026:required
primaryCtaAction,component_payload: title_slides:optional
primaryCtaLabel,component_payload: title_slides:optional
priorLessons,component_payload: lessons:required | activity_profiles: ACT-001:optional; ACT-002:optional; ACT-003:optional; ACT-004:optional; ACT-005:optional; ACT-009:optional; ACT-010:optional; ACT-011:optional; ACT-012:optional; ACT-013:optional; ACT-014:optional; ACT-015:optional; ACT-016:optional; ACT-017:optional; ACT-018:optional; ACT-019:optional; ACT-020:optional; ACT-021:optional; ACT-022:optional; ACT-023:optional; ACT-024:optional; ACT-025:optional; ACT-026:optional
progressionNotes,component_payload: modules:optional
promptMode,activity_profiles: ACT-003:required
promptText,activity_profiles: ACT-010:required; ACT-020:required; ACT-022:required; ACT-026:required
pronunciationFocus,component_payload: groups:optional; lessons:optional; modules:optional | activity_profiles: ACT-001:optional; ACT-002:optional; ACT-003:optional; ACT-004:optional; ACT-005:optional; ACT-009:optional; ACT-010:optional; ACT-011:optional; ACT-012:optional; ACT-013:optional; ACT-014:optional; ACT-015:optional; ACT-016:optional; ACT-017:optional; ACT-018:optional; ACT-019:optional; ACT-020:optional; ACT-021:optional; ACT-022:optional; ACT-023:optional; ACT-024:optional; ACT-025:optional; ACT-026:optional
propsJson,activity_profiles: ACT-001:required; ACT-002:required; ACT-003:required; ACT-004:required; ACT-005:required; ACT-009:required; ACT-010:required; ACT-011:required; ACT-012:required; ACT-013:required; ACT-014:required; ACT-015:required; ACT-016:required; ACT-017:required; ACT-018:required; ACT-019:required; ACT-020:required; ACT-021:required; ACT-022:required; ACT-023:required; ACT-024:required; ACT-025:required; ACT-026:required
publishNotes,component_payload: groups:optional; lessons:optional; modules:optional
purposeRelationshipTag,component_payload: groups:optional
recommendedNextStep,component_payload: lesson_ends:required
registerTone,component_payload: groups:optional; lessons:optional; modules:optional | activity_profiles: ACT-001:required; ACT-002:required; ACT-003:required; ACT-004:required; ACT-005:required; ACT-009:required; ACT-010:required; ACT-011:required; ACT-012:required; ACT-013:required; ACT-014:required; ACT-015:required; ACT-016:required; ACT-017:required; ACT-018:required; ACT-019:required; ACT-020:required; ACT-021:required; ACT-022:required; ACT-023:required; ACT-024:required; ACT-025:required; ACT-026:required
registerVariants,component_payload: groups:optional; lessons:optional; slides:optional | activity_profiles: ACT-001:required; ACT-002:required; ACT-003:required; ACT-004:required; ACT-005:required; ACT-009:required; ACT-010:required; ACT-011:required; ACT-012:required; ACT-013:required; ACT-014:required; ACT-015:required; ACT-016:required; ACT-017:required; ACT-018:required; ACT-019:required; ACT-020:required; ACT-021:required; ACT-022:required; ACT-023:required; ACT-024:required; ACT-025:required; ACT-026:required
remediationGuidance,component_payload: groups:optional; lessons:optional; modules:optional | activity_profiles: ACT-001:optional; ACT-002:optional; ACT-003:optional; ACT-004:optional; ACT-005:optional; ACT-009:optional; ACT-010:optional; ACT-011:optional; ACT-012:optional; ACT-013:optional; ACT-014:optional; ACT-015:optional; ACT-016:optional; ACT-017:optional; ACT-018:optional; ACT-019:optional; ACT-020:optional; ACT-021:optional; ACT-022:optional; ACT-023:optional; ACT-024:optional; ACT-025:optional; ACT-026:optional
remediationPaths,component_payload: groups:optional; lessons:optional; modules:optional; slides:optional | activity_profiles: ACT-001:optional; ACT-002:optional; ACT-003:optional; ACT-004:optional; ACT-005:optional; ACT-009:optional; ACT-010:optional; ACT-011:optional; ACT-012:optional; ACT-013:optional; ACT-014:optional; ACT-015:optional; ACT-016:optional; ACT-017:optional; ACT-018:optional; ACT-019:optional; ACT-020:optional; ACT-021:optional; ACT-022:optional; ACT-023:optional; ACT-024:optional; ACT-025:optional; ACT-026:optional
requiredLessons,component_payload: modules:required
requiredScore,component_payload: groups:optional; lessons:optional | activity_profiles: ACT-001:required; ACT-002:required; ACT-003:required; ACT-004:required; ACT-005:required; ACT-009:required; ACT-010:required; ACT-011:required; ACT-012:required; ACT-013:required; ACT-014:required; ACT-015:required; ACT-016:required; ACT-017:required; ACT-018:required; ACT-019:required; ACT-020:required; ACT-021:required; ACT-022:required; ACT-023:required; ACT-024:required; ACT-025:required; ACT-026:required
retryPolicy,component_payload: groups:optional; lessons:optional | activity_profiles: ACT-001:required; ACT-002:required; ACT-003:required; ACT-004:required; ACT-005:required; ACT-009:required; ACT-010:required; ACT-011:required; ACT-012:required; ACT-013:required; ACT-014:required; ACT-015:required; ACT-016:required; ACT-017:required; ACT-018:required; ACT-019:required; ACT-020:required; ACT-021:required; ACT-022:required; ACT-023:required; ACT-024:required; ACT-025:required; ACT-026:required
reviewRequired,component_payload: groups:optional; lessons:optional; modules:optional
runtimeContractV1,activity_profiles: ACT-001:required; ACT-002:required; ACT-003:required; ACT-004:required; ACT-005:required; ACT-009:required; ACT-010:required; ACT-011:required; ACT-012:required; ACT-013:required; ACT-014:required; ACT-015:required; ACT-016:required; ACT-017:required; ACT-018:required; ACT-019:required; ACT-020:required; ACT-021:required; ACT-022:required; ACT-023:required; ACT-024:required; ACT-025:required; ACT-026:required
scaffoldingPlan,component_payload: lessons:required
sentenceCards,activity_profiles: ACT-016:required
sentenceTokens,activity_profiles: ACT-015:required
sentenceWithGaps,activity_profiles: ACT-017:required; ACT-018:required
sequenceType,component_payload: modules:optional
shortSummaryLessonAdmin,component_payload: lessons:required
shortSummaryLessonStudent,component_payload: lessons:required
shortSummaryTeacherActivity,activity_profiles: ACT-001:required; ACT-002:required; ACT-003:required; ACT-004:required; ACT-005:required; ACT-009:required; ACT-010:required; ACT-011:required; ACT-012:required; ACT-013:required; ACT-014:required; ACT-015:required; ACT-016:required; ACT-017:required; ACT-018:required; ACT-019:required; ACT-020:required; ACT-021:required; ACT-022:required; ACT-023:required; ACT-024:required; ACT-025:required; ACT-026:required
shortSummaryTeacherGroup,component_payload: groups:required
shortSummaryTeacherLesson,component_payload: lessons:required
shortSummaryTeacherModule,component_payload: modules:required
shortSummaryTeacherSlide,component_payload: slides:required | activity_profiles: ACT-001:required; ACT-002:required; ACT-003:required; ACT-004:required; ACT-005:required; ACT-009:required; ACT-010:required; ACT-011:required; ACT-012:required; ACT-013:required; ACT-014:required; ACT-015:required; ACT-016:required; ACT-017:required; ACT-018:required; ACT-019:required; ACT-020:required; ACT-021:required; ACT-022:required; ACT-023:required; ACT-024:required; ACT-025:required; ACT-026:required
signatureMetaphors,component_payload: groups:optional; lessons:optional; slides:optional | activity_profiles: ACT-001:optional; ACT-002:optional; ACT-003:optional; ACT-004:optional; ACT-005:optional; ACT-009:optional; ACT-010:optional; ACT-011:optional; ACT-012:optional; ACT-013:optional; ACT-014:optional; ACT-015:optional; ACT-016:optional; ACT-017:optional; ACT-018:optional; ACT-019:optional; ACT-020:optional; ACT-021:optional; ACT-022:optional; ACT-023:optional; ACT-024:optional; ACT-025:optional; ACT-026:optional
simplificationGuidelines,component_payload: groups:optional; lessons:optional; modules:optional; slides:optional | activity_profiles: ACT-001:optional; ACT-002:optional; ACT-003:optional; ACT-004:optional; ACT-005:optional; ACT-009:optional; ACT-010:optional; ACT-011:optional; ACT-012:optional; ACT-013:optional; ACT-014:optional; ACT-015:optional; ACT-016:optional; ACT-017:optional; ACT-018:optional; ACT-019:optional; ACT-020:optional; ACT-021:optional; ACT-022:optional; ACT-023:optional; ACT-024:optional; ACT-025:optional; ACT-026:optional
skipPolicy,component_payload: groups:optional; lessons:optional | activity_profiles: ACT-001:required; ACT-002:required; ACT-003:required; ACT-004:required; ACT-005:required; ACT-009:required; ACT-010:required; ACT-011:required; ACT-012:required; ACT-013:required; ACT-014:required; ACT-015:required; ACT-016:required; ACT-017:required; ACT-018:required; ACT-019:required; ACT-020:required; ACT-021:required; ACT-022:required; ACT-023:required; ACT-024:required; ACT-025:required; ACT-026:required
slideId,component_payload: lesson_ends:required; slides:required; title_slides:required | activity_profiles: ACT-001:required; ACT-002:required; ACT-003:required; ACT-004:required; ACT-005:required; ACT-009:required; ACT-010:required; ACT-011:required; ACT-012:required; ACT-013:required; ACT-014:required; ACT-015:required; ACT-016:required; ACT-017:required; ACT-018:required; ACT-019:required; ACT-020:required; ACT-021:required; ACT-022:required; ACT-023:required; ACT-024:required; ACT-025:required; ACT-026:required
slidePlan,component_payload: groups:required; lessons:optional
slug,component_payload: groups:required; lesson_ends:required; lessons:required; modules:required; slides:required; title_slides:required | activity_profiles: ACT-001:required; ACT-002:required; ACT-003:required; ACT-004:required; ACT-005:required; ACT-009:required; ACT-010:required; ACT-011:required; ACT-012:required; ACT-013:required; ACT-014:required; ACT-015:required; ACT-016:required; ACT-017:required; ACT-018:required; ACT-019:required; ACT-020:required; ACT-021:required; ACT-022:required; ACT-023:required; ACT-024:required; ACT-025:required; ACT-026:required
sourceVersion,component_payload: groups:required; lesson_ends:required; lessons:required; modules:required; slides:required; title_slides:required | activity_profiles: ACT-001:required; ACT-002:required; ACT-003:required; ACT-004:required; ACT-005:required; ACT-009:required; ACT-010:required; ACT-011:required; ACT-012:required; ACT-013:required; ACT-014:required; ACT-015:required; ACT-016:required; ACT-017:required; ACT-018:required; ACT-019:required; ACT-020:required; ACT-021:required; ACT-022:required; ACT-023:required; ACT-024:required; ACT-025:required; ACT-026:required
statement,activity_profiles: ACT-011:required
styleConstraints,component_payload: groups:optional; lessons:optional; modules:optional; slides:optional | activity_profiles: ACT-001:optional; ACT-002:optional; ACT-003:optional; ACT-004:optional; ACT-005:optional; ACT-009:optional; ACT-010:optional; ACT-011:optional; ACT-012:optional; ACT-013:optional; ACT-014:optional; ACT-015:optional; ACT-016:optional; ACT-017:optional; ACT-018:optional; ACT-019:optional; ACT-020:optional; ACT-021:optional; ACT-022:optional; ACT-023:optional; ACT-024:optional; ACT-025:optional; ACT-026:optional
subtitle,component_payload: title_slides:required | activity_profiles: ACT-001:optional; ACT-002:optional; ACT-003:optional; ACT-004:optional; ACT-005:optional; ACT-009:optional; ACT-010:optional; ACT-011:optional; ACT-012:optional; ACT-013:optional; ACT-014:optional; ACT-015:optional; ACT-016:optional; ACT-017:optional; ACT-018:optional; ACT-019:optional; ACT-020:optional; ACT-021:optional; ACT-022:optional; ACT-023:optional; ACT-024:optional; ACT-025:optional; ACT-026:optional
successCriteria,component_payload: groups:optional; lessons:optional | activity_profiles: ACT-001:required; ACT-002:required; ACT-003:required; ACT-004:required; ACT-005:required; ACT-009:required; ACT-010:required; ACT-011:required; ACT-012:required; ACT-013:required; ACT-014:required; ACT-015:required; ACT-016:required; ACT-017:required; ACT-018:required; ACT-019:required; ACT-020:required; ACT-021:required; ACT-022:required; ACT-023:required; ACT-024:required; ACT-025:required; ACT-026:required
syllableBreakdown,activity_profiles: ACT-002:required
tags,component_payload: groups:required; lessons:required; modules:required; slides:required; title_slides:required | activity_profiles: ACT-001:required; ACT-002:required; ACT-003:required; ACT-004:required; ACT-005:required; ACT-009:required; ACT-010:required; ACT-011:required; ACT-012:required; ACT-013:required; ACT-014:required; ACT-015:required; ACT-016:required; ACT-017:required; ACT-018:required; ACT-019:required; ACT-020:required; ACT-021:required; ACT-022:required; ACT-023:required; ACT-024:required; ACT-025:required; ACT-026:required
targetedEdges,component_payload: groups:required; lessons:required | activity_profiles: ACT-001:required; ACT-002:required; ACT-003:required; ACT-004:required; ACT-005:required; ACT-009:required; ACT-010:required; ACT-011:required; ACT-012:required; ACT-013:required; ACT-014:required; ACT-015:required; ACT-016:required; ACT-017:required; ACT-018:required; ACT-019:required; ACT-020:required; ACT-021:required; ACT-022:required; ACT-023:required; ACT-024:required; ACT-025:required; ACT-026:required
targetedNodes,component_payload: groups:required; lessons:required | activity_profiles: ACT-001:required; ACT-002:required; ACT-003:required; ACT-004:required; ACT-005:required; ACT-009:required; ACT-010:required; ACT-011:required; ACT-012:required; ACT-013:required; ACT-014:required; ACT-015:required; ACT-016:required; ACT-017:required; ACT-018:required; ACT-019:required; ACT-020:required; ACT-021:required; ACT-022:required; ACT-023:required; ACT-024:required; ACT-025:required; ACT-026:required
targetedSlices,component_payload: groups:required; lessons:required | activity_profiles: ACT-001:required; ACT-002:required; ACT-003:required; ACT-004:required; ACT-005:required; ACT-009:required; ACT-010:required; ACT-011:required; ACT-012:required; ACT-013:required; ACT-014:required; ACT-015:required; ACT-016:required; ACT-017:required; ACT-018:required; ACT-019:required; ACT-020:required; ACT-021:required; ACT-022:required; ACT-023:required; ACT-024:required; ACT-025:required; ACT-026:required
targetKeywords,activity_profiles: ACT-022:required
targetLanguage,component_payload: groups:required; lesson_ends:required; lessons:required; modules:required; slides:required; title_slides:required | activity_profiles: ACT-001:required; ACT-002:required; ACT-003:required; ACT-004:required; ACT-005:required; ACT-009:required; ACT-010:required; ACT-011:required; ACT-012:required; ACT-013:required; ACT-014:required; ACT-015:required; ACT-016:required; ACT-017:required; ACT-018:required; ACT-019:required; ACT-020:required; ACT-021:required; ACT-022:required; ACT-023:required; ACT-024:required; ACT-025:required; ACT-026:required
targetNodeKeys,component_payload: groups:required; lessons:required; slides:optional | activity_profiles: ACT-001:required; ACT-002:required; ACT-003:required; ACT-004:required; ACT-005:required; ACT-009:required; ACT-010:required; ACT-011:required; ACT-012:required; ACT-013:required; ACT-014:required; ACT-015:required; ACT-016:required; ACT-017:required; ACT-018:required; ACT-019:required; ACT-020:required; ACT-021:required; ACT-022:required; ACT-023:required; ACT-024:required; ACT-025:required; ACT-026:required
targetText,activity_profiles: ACT-005:required; ACT-020:required; ACT-026:required
teacherNotes,component_payload: groups:optional; lessons:optional; modules:optional; slides:optional | activity_profiles: ACT-001:optional; ACT-002:optional; ACT-003:optional; ACT-004:optional; ACT-005:optional; ACT-009:optional; ACT-010:optional; ACT-011:optional; ACT-012:optional; ACT-013:optional; ACT-014:optional; ACT-015:optional; ACT-016:optional; ACT-017:optional; ACT-018:optional; ACT-019:optional; ACT-020:optional; ACT-021:optional; ACT-022:optional; ACT-023:optional; ACT-024:optional; ACT-025:optional; ACT-026:optional
teacherOverview,component_payload: groups:required; lessons:required; modules:optional; slides:optional | activity_profiles: ACT-001:optional; ACT-002:optional; ACT-003:optional; ACT-004:optional; ACT-005:optional; ACT-009:optional; ACT-010:optional; ACT-011:optional; ACT-012:optional; ACT-013:optional; ACT-014:optional; ACT-015:optional; ACT-016:optional; ACT-017:optional; ACT-018:optional; ACT-019:optional; ACT-020:optional; ACT-021:optional; ACT-022:optional; ACT-023:optional; ACT-024:optional; ACT-025:optional; ACT-026:optional
telemetryTags,component_payload: groups:required; lesson_ends:optional; lessons:optional; modules:optional; slides:optional | activity_profiles: ACT-001:required; ACT-002:required; ACT-003:required; ACT-004:required; ACT-005:required; ACT-009:required; ACT-010:required; ACT-011:required; ACT-012:required; ACT-013:required; ACT-014:required; ACT-015:required; ACT-016:required; ACT-017:required; ACT-018:required; ACT-019:required; ACT-020:required; ACT-021:required; ACT-022:required; ACT-023:required; ACT-024:required; ACT-025:required; ACT-026:required
tenseBins,activity_profiles: ACT-016:required
textSubtype,component_payload: slides:optional | activity_profiles: ACT-001:optional; ACT-002:optional; ACT-003:optional; ACT-004:optional; ACT-005:optional; ACT-009:optional; ACT-010:optional; ACT-011:optional; ACT-012:optional; ACT-013:optional; ACT-014:optional; ACT-015:optional; ACT-016:optional; ACT-017:optional; ACT-018:optional; ACT-019:optional; ACT-020:optional; ACT-021:optional; ACT-022:optional; ACT-023:optional; ACT-024:optional; ACT-025:optional; ACT-026:optional
timeExpectationActivity,activity_profiles: ACT-001:optional; ACT-002:optional; ACT-003:optional; ACT-004:optional; ACT-005:optional; ACT-009:optional; ACT-010:optional; ACT-011:optional; ACT-012:optional; ACT-013:optional; ACT-014:optional; ACT-015:optional; ACT-016:optional; ACT-017:optional; ACT-018:optional; ACT-019:optional; ACT-020:optional; ACT-021:optional; ACT-022:optional; ACT-023:optional; ACT-024:optional; ACT-025:optional; ACT-026:optional
timeExpectationGroup,component_payload: groups:required
timeExpectationLesson,component_payload: lessons:required
title,component_payload: groups:required; lessons:required; modules:required; title_slides:required | activity_profiles: ACT-001:optional; ACT-002:optional; ACT-003:optional; ACT-004:optional; ACT-005:optional; ACT-009:optional; ACT-010:optional; ACT-011:optional; ACT-012:optional; ACT-013:optional; ACT-014:optional; ACT-015:optional; ACT-016:optional; ACT-017:optional; ACT-018:optional; ACT-019:optional; ACT-020:optional; ACT-021:optional; ACT-022:optional; ACT-023:optional; ACT-024:optional; ACT-025:optional; ACT-026:optional
topicCategory,component_payload: groups:optional; lessons:optional; modules:optional | activity_profiles: ACT-001:optional; ACT-002:optional; ACT-003:optional; ACT-004:optional; ACT-005:optional; ACT-009:optional; ACT-010:optional; ACT-011:optional; ACT-012:optional; ACT-013:optional; ACT-014:optional; ACT-015:optional; ACT-016:optional; ACT-017:optional; ACT-018:optional; ACT-019:optional; ACT-020:optional; ACT-021:optional; ACT-022:optional; ACT-023:optional; ACT-024:optional; ACT-025:optional; ACT-026:optional
type,component_payload: slides:required | activity_profiles: ACT-001:required; ACT-002:required; ACT-003:required; ACT-004:required; ACT-005:required; ACT-009:required; ACT-010:required; ACT-011:required; ACT-012:required; ACT-013:required; ACT-014:required; ACT-015:required; ACT-016:required; ACT-017:required; ACT-018:required; ACT-019:required; ACT-020:required; ACT-021:required; ACT-022:required; ACT-023:required; ACT-024:required; ACT-025:required; ACT-026:required
version,component_payload: groups:required; lesson_ends:required; lessons:required; modules:required; slides:required; title_slides:required | activity_profiles: ACT-001:required; ACT-002:required; ACT-003:required; ACT-004:required; ACT-005:required; ACT-009:required; ACT-010:required; ACT-011:required; ACT-012:required; ACT-013:required; ACT-014:required; ACT-015:required; ACT-016:required; ACT-017:required; ACT-018:required; ACT-019:required; ACT-020:required; ACT-021:required; ACT-022:required; ACT-023:required; ACT-024:required; ACT-025:required; ACT-026:required
visibility,component_payload: groups:required; lesson_ends:required; lessons:required; modules:required; slides:required; title_slides:required | activity_profiles: ACT-001:required; ACT-002:required; ACT-003:required; ACT-004:required; ACT-005:required; ACT-009:required; ACT-010:required; ACT-011:required; ACT-012:required; ACT-013:required; ACT-014:required; ACT-015:required; ACT-016:required; ACT-017:required; ACT-018:required; ACT-019:required; ACT-020:required; ACT-021:required; ACT-022:required; ACT-023:required; ACT-024:required; ACT-025:required; ACT-026:required
vocabularyTheme,component_payload: groups:optional; lessons:optional; modules:optional | activity_profiles: ACT-001:optional; ACT-002:optional; ACT-003:optional; ACT-004:optional; ACT-005:optional; ACT-009:optional; ACT-010:optional; ACT-011:optional; ACT-012:optional; ACT-013:optional; ACT-014:optional; ACT-015:optional; ACT-016:optional; ACT-017:optional; ACT-018:optional; ACT-019:optional; ACT-020:optional; ACT-021:optional; ACT-022:optional; ACT-023:optional; ACT-024:optional; ACT-025:optional; ACT-026:optional
word,activity_profiles: ACT-024:required
wordAudio,activity_profiles: ACT-024:required
wordBank,activity_profiles: ACT-014:required; ACT-018:required
