field_key,requiredness_lv2_rollup,snapshot_status,snapshot_generated_at,snapshot_authority_note
acceptedCorrections,activity_profiles: ACT-019:required,non_canonical_snapshot,2026-04-09,derived_from_lv2_inputs_and_current_sandbox_contract
activityDescription,component_payload: lessons:required,non_canonical_snapshot,2026-04-09,derived_from_lv2_inputs_and_current_sandbox_contract
activityId,activity_profiles: ACT-001:required; ACT-002:required; ACT-003:required; ACT-004:required; ACT-005:required; ACT-009:required; ACT-010:required; ACT-011:required; ACT-012:required; ACT-013:required; ACT-014:required; ACT-015:required; ACT-016:required; ACT-017:required; ACT-018:required; ACT-019:required; ACT-020:required; ACT-021:required; ACT-022:required; ACT-023:required; ACT-024:required; ACT-025:required; ACT-026:required,non_canonical_snapshot,2026-04-09,derived_from_lv2_inputs_and_current_sandbox_contract
activityTypes,component_payload: groups:required; lessons:required,non_canonical_snapshot,2026-04-09,derived_from_lv2_inputs_and_current_sandbox_contract
aiInstructions,component_payload: groups:optional; lessons:optional; modules:optional; slides:optional | activity_profiles: ACT-001:optional; ACT-002:optional; ACT-003:optional; ACT-004:optional; ACT-005:optional; ACT-009:optional; ACT-010:optional; ACT-011:optional; ACT-012:optional; ACT-013:optional; ACT-014:optional; ACT-015:optional; ACT-016:optional; ACT-017:optional; ACT-018:optional; ACT-019:optional; ACT-020:optional; ACT-021:optional; ACT-022:optional; ACT-023:optional; ACT-024:optional; ACT-025:optional; ACT-026:optional,non_canonical_snapshot,2026-04-09,derived_from_lv2_inputs_and_current_sandbox_contract
allowRetry,component_payload: groups:optional; lessons:optional | activity_profiles: ACT-001:required; ACT-002:required; ACT-003:required; ACT-004:required; ACT-005:required; ACT-009:required; ACT-010:required; ACT-011:required; ACT-012:required; ACT-013:required; ACT-014:required; ACT-015:required; ACT-016:required; ACT-017:required; ACT-018:required; ACT-019:required; ACT-020:required; ACT-021:required; ACT-022:required; ACT-023:required; ACT-024:required; ACT-025:required; ACT-026:required,non_canonical_snapshot,2026-04-09,derived_from_lv2_inputs_and_current_sandbox_contract
allowSkip,component_payload: groups:optional; lessons:optional | activity_profiles: ACT-001:required; ACT-002:required; ACT-003:required; ACT-004:required; ACT-005:required; ACT-009:required; ACT-010:required; ACT-011:required; ACT-012:required; ACT-013:required; ACT-014:required; ACT-015:required; ACT-016:required; ACT-017:required; ACT-018:required; ACT-019:required; ACT-020:required; ACT-021:required; ACT-022:required; ACT-023:required; ACT-024:required; ACT-025:required; ACT-026:required,non_canonical_snapshot,2026-04-09,derived_from_lv2_inputs_and_current_sandbox_contract
anecdoteOrMemoryHook,component_payload: groups:optional; slides:optional | activity_profiles: ACT-001:optional; ACT-002:optional; ACT-003:optional; ACT-004:optional; ACT-005:optional; ACT-009:optional; ACT-010:optional; ACT-011:optional; ACT-012:optional; ACT-013:optional; ACT-014:optional; ACT-015:optional; ACT-016:optional; ACT-017:optional; ACT-018:optional; ACT-019:optional; ACT-020:optional; ACT-021:optional; ACT-022:optional; ACT-023:optional; ACT-024:optional; ACT-025:optional; ACT-026:optional,non_canonical_snapshot,2026-04-09,derived_from_lv2_inputs_and_current_sandbox_contract
assessmentPlan,component_payload: groups:optional; lessons:optional | activity_profiles: ACT-001:optional; ACT-002:optional; ACT-003:optional; ACT-004:optional; ACT-005:optional; ACT-009:optional; ACT-010:optional; ACT-011:optional; ACT-012:optional; ACT-013:optional; ACT-014:optional; ACT-015:optional; ACT-016:optional; ACT-017:optional; ACT-018:optional; ACT-019:optional; ACT-020:optional; ACT-021:optional; ACT-022:optional; ACT-023:optional; ACT-024:optional; ACT-025:optional; ACT-026:optional,non_canonical_snapshot,2026-04-09,derived_from_lv2_inputs_and_current_sandbox_contract
audienceNotes,component_payload: groups:optional; lessons:optional; modules:optional | activity_profiles: ACT-001:optional; ACT-002:optional; ACT-003:optional; ACT-004:optional; ACT-005:optional; ACT-009:optional; ACT-010:optional; ACT-011:optional; ACT-012:optional; ACT-013:optional; ACT-014:optional; ACT-015:optional; ACT-016:optional; ACT-017:optional; ACT-018:optional; ACT-019:optional; ACT-020:optional; ACT-021:optional; ACT-022:optional; ACT-023:optional; ACT-024:optional; ACT-025:optional; ACT-026:optional,non_canonical_snapshot,2026-04-09,derived_from_lv2_inputs_and_current_sandbox_contract
audioA,activity_profiles: ACT-003:required,non_canonical_snapshot,2026-04-09,derived_from_lv2_inputs_and_current_sandbox_contract
audioB,activity_profiles: ACT-003:required,non_canonical_snapshot,2026-04-09,derived_from_lv2_inputs_and_current_sandbox_contract
audioClips,activity_profiles: ACT-025:required,non_canonical_snapshot,2026-04-09,derived_from_lv2_inputs_and_current_sandbox_contract
audioId,component_payload: lesson_ends:optional; slides:optional; title_slides:optional | activity_profiles: ACT-002:optional; ACT-003:optional; ACT-004:optional; ACT-005:optional; ACT-009:optional; ACT-010:optional; ACT-011:optional; ACT-012:optional; ACT-013:optional; ACT-014:optional; ACT-015:optional; ACT-016:optional; ACT-017:optional; ACT-018:optional; ACT-019:optional; ACT-020:optional; ACT-021:required; ACT-022:optional; ACT-023:optional; ACT-024:optional; ACT-025:optional; ACT-026:optional,non_canonical_snapshot,2026-04-09,derived_from_lv2_inputs_and_current_sandbox_contract
audioPrompt,activity_profiles: ACT-002:required; ACT-004:required; ACT-009:required; ACT-020:required; ACT-026:required,non_canonical_snapshot,2026-04-09,derived_from_lv2_inputs_and_current_sandbox_contract
authorNotes,component_payload: modules:optional,non_canonical_snapshot,2026-04-09,derived_from_lv2_inputs_and_current_sandbox_contract
autoAdvance,component_payload: groups:optional | activity_profiles: ACT-001:optional; ACT-002:optional; ACT-003:optional; ACT-004:optional; ACT-005:optional; ACT-009:optional; ACT-010:optional; ACT-011:optional; ACT-012:optional; ACT-013:optional; ACT-014:optional; ACT-015:optional; ACT-016:optional; ACT-017:optional; ACT-018:optional; ACT-019:optional; ACT-020:optional; ACT-021:optional; ACT-022:optional; ACT-023:optional; ACT-024:optional; ACT-025:optional; ACT-026:optional,non_canonical_snapshot,2026-04-09,derived_from_lv2_inputs_and_current_sandbox_contract
avatarDialogues,activity_profiles: ACT-023:required,non_canonical_snapshot,2026-04-09,derived_from_lv2_inputs_and_current_sandbox_contract
blanks,activity_profiles: ACT-017:required,non_canonical_snapshot,2026-04-09,derived_from_lv2_inputs_and_current_sandbox_contract
body,activity_profiles: ACT-001:optional; ACT-002:optional; ACT-003:optional; ACT-004:optional; ACT-005:optional; ACT-009:optional; ACT-010:optional; ACT-011:optional; ACT-012:optional; ACT-013:optional; ACT-014:optional; ACT-015:optional; ACT-016:optional; ACT-017:optional; ACT-018:optional; ACT-019:optional; ACT-020:optional; ACT-021:optional; ACT-022:optional; ACT-023:optional; ACT-024:optional; ACT-025:optional; ACT-026:optional,non_canonical_snapshot,2026-04-09,derived_from_lv2_inputs_and_current_sandbox_contract
body1,component_payload: slides:required,non_canonical_snapshot,2026-04-09,derived_from_lv2_inputs_and_current_sandbox_contract
body2,component_payload: slides:optional,non_canonical_snapshot,2026-04-09,derived_from_lv2_inputs_and_current_sandbox_contract
body3,component_payload: slides:optional,non_canonical_snapshot,2026-04-09,derived_from_lv2_inputs_and_current_sandbox_contract
body4,component_payload: slides:optional,non_canonical_snapshot,2026-04-09,derived_from_lv2_inputs_and_current_sandbox_contract
body5,component_payload: slides:optional,non_canonical_snapshot,2026-04-09,derived_from_lv2_inputs_and_current_sandbox_contract
body6,component_payload: slides:optional,non_canonical_snapshot,2026-04-09,derived_from_lv2_inputs_and_current_sandbox_contract
body7,component_payload: slides:optional,non_canonical_snapshot,2026-04-09,derived_from_lv2_inputs_and_current_sandbox_contract
body8,component_payload: slides:optional,non_canonical_snapshot,2026-04-09,derived_from_lv2_inputs_and_current_sandbox_contract
breakingChangeGuard,component_payload: groups:optional; lessons:optional; modules:optional,non_canonical_snapshot,2026-04-09,derived_from_lv2_inputs_and_current_sandbox_contract
buttons,component_payload: lesson_ends:optional; slides:optional; title_slides:optional | activity_profiles: ACT-001:optional; ACT-002:optional; ACT-003:optional; ACT-004:optional; ACT-005:optional; ACT-009:optional; ACT-010:optional; ACT-011:optional; ACT-012:optional; ACT-013:optional; ACT-014:optional; ACT-015:optional; ACT-016:optional; ACT-017:optional; ACT-018:optional; ACT-019:optional; ACT-020:optional; ACT-021:optional; ACT-022:optional; ACT-023:optional; ACT-024:optional; ACT-025:optional; ACT-026:optional,non_canonical_snapshot,2026-04-09,derived_from_lv2_inputs_and_current_sandbox_contract
canonicalNodeKey,component_payload: groups:optional; lessons:optional; modules:optional,non_canonical_snapshot,2026-04-09,derived_from_lv2_inputs_and_current_sandbox_contract
capstoneLesson,component_payload: modules:optional,non_canonical_snapshot,2026-04-09,derived_from_lv2_inputs_and_current_sandbox_contract
categoryLabels,activity_profiles: ACT-013:required; ACT-014:required,non_canonical_snapshot,2026-04-09,derived_from_lv2_inputs_and_current_sandbox_contract
cefrLevel,component_payload: groups:required; lessons:required | activity_profiles: ACT-001:required; ACT-002:required; ACT-003:required; ACT-004:required; ACT-005:required; ACT-009:required; ACT-010:required; ACT-011:required; ACT-012:required; ACT-013:required; ACT-014:required; ACT-015:required; ACT-016:required; ACT-017:required; ACT-018:required; ACT-019:required; ACT-020:required; ACT-021:required; ACT-022:required; ACT-023:required; ACT-024:required; ACT-025:required; ACT-026:required,non_canonical_snapshot,2026-04-09,derived_from_lv2_inputs_and_current_sandbox_contract
cefrMax,component_payload: groups:required; lessons:required; modules:required | activity_profiles: ACT-001:required; ACT-002:required; ACT-003:required; ACT-004:required; ACT-005:required; ACT-009:required; ACT-010:required; ACT-011:required; ACT-012:required; ACT-013:required; ACT-014:required; ACT-015:required; ACT-016:required; ACT-017:required; ACT-018:required; ACT-019:required; ACT-020:required; ACT-021:required; ACT-022:required; ACT-023:required; ACT-024:required; ACT-025:required; ACT-026:required,non_canonical_snapshot,2026-04-09,derived_from_lv2_inputs_and_current_sandbox_contract
cefrMin,component_payload: groups:required; lessons:required; modules:required | activity_profiles: ACT-001:required; ACT-002:required; ACT-003:required; ACT-004:required; ACT-005:required; ACT-009:required; ACT-010:required; ACT-011:required; ACT-012:required; ACT-013:required; ACT-014:required; ACT-015:required; ACT-016:required; ACT-017:required; ACT-018:required; ACT-019:required; ACT-020:required; ACT-021:required; ACT-022:required; ACT-023:required; ACT-024:required; ACT-025:required; ACT-026:required,non_canonical_snapshot,2026-04-09,derived_from_lv2_inputs_and_current_sandbox_contract
changeImpactAssessment,component_payload: groups:optional; lessons:optional; modules:optional,non_canonical_snapshot,2026-04-09,derived_from_lv2_inputs_and_current_sandbox_contract
choiceElements,activity_profiles: ACT-003:required; ACT-009:required; ACT-010:required; ACT-012:required; ACT-021:required,non_canonical_snapshot,2026-04-09,derived_from_lv2_inputs_and_current_sandbox_contract
commonMisconceptions,component_payload: groups:required; lessons:optional; modules:optional; slides:optional | activity_profiles: ACT-001:optional; ACT-002:optional; ACT-003:optional; ACT-004:optional; ACT-005:optional; ACT-009:optional; ACT-010:optional; ACT-011:optional; ACT-012:optional; ACT-013:optional; ACT-014:optional; ACT-015:optional; ACT-016:optional; ACT-017:optional; ACT-018:optional; ACT-019:optional; ACT-020:optional; ACT-021:optional; ACT-022:optional; ACT-023:optional; ACT-024:optional; ACT-025:optional; ACT-026:optional,non_canonical_snapshot,2026-04-09,derived_from_lv2_inputs_and_current_sandbox_contract
competencyTags,component_payload: groups:required; lessons:optional; modules:optional | activity_profiles: ACT-001:optional; ACT-002:optional; ACT-003:optional; ACT-004:optional; ACT-005:optional; ACT-009:optional; ACT-010:optional; ACT-011:optional; ACT-012:optional; ACT-013:optional; ACT-014:optional; ACT-015:optional; ACT-016:optional; ACT-017:optional; ACT-018:optional; ACT-019:optional; ACT-020:optional; ACT-021:optional; ACT-022:optional; ACT-023:optional; ACT-024:optional; ACT-025:optional; ACT-026:optional,non_canonical_snapshot,2026-04-09,derived_from_lv2_inputs_and_current_sandbox_contract
coreTopics,component_payload: lessons:required; modules:required | activity_profiles: ACT-001:required; ACT-002:required; ACT-003:required; ACT-004:required; ACT-005:required; ACT-009:required; ACT-010:required; ACT-011:required; ACT-012:required; ACT-013:required; ACT-014:required; ACT-015:required; ACT-016:required; ACT-017:required; ACT-018:required; ACT-019:required; ACT-020:required; ACT-021:required; ACT-022:required; ACT-023:required; ACT-024:required; ACT-025:required; ACT-026:required,non_canonical_snapshot,2026-04-09,derived_from_lv2_inputs_and_current_sandbox_contract
correctAnswer,activity_profiles: ACT-009:required; ACT-010:required; ACT-011:required; ACT-021:required,non_canonical_snapshot,2026-04-09,derived_from_lv2_inputs_and_current_sandbox_contract
correctCurveId,activity_profiles: ACT-004:required,non_canonical_snapshot,2026-04-09,derived_from_lv2_inputs_and_current_sandbox_contract
correctOddIndex,activity_profiles: ACT-012:required,non_canonical_snapshot,2026-04-09,derived_from_lv2_inputs_and_current_sandbox_contract
correctOrderClips,activity_profiles: ACT-025:required,non_canonical_snapshot,2026-04-09,derived_from_lv2_inputs_and_current_sandbox_contract
correctOrderWords,activity_profiles: ACT-015:required,non_canonical_snapshot,2026-04-09,derived_from_lv2_inputs_and_current_sandbox_contract
correctStressIndex,activity_profiles: ACT-002:required,non_canonical_snapshot,2026-04-09,derived_from_lv2_inputs_and_current_sandbox_contract
culturalContext,component_payload: groups:required; lessons:optional; slides:optional | activity_profiles: ACT-001:optional; ACT-002:optional; ACT-003:optional; ACT-004:optional; ACT-005:optional; ACT-009:optional; ACT-010:optional; ACT-011:optional; ACT-012:optional; ACT-013:optional; ACT-014:optional; ACT-015:optional; ACT-016:optional; ACT-017:optional; ACT-018:optional; ACT-019:optional; ACT-020:optional; ACT-021:optional; ACT-022:optional; ACT-023:optional; ACT-024:optional; ACT-025:optional; ACT-026:optional,non_canonical_snapshot,2026-04-09,derived_from_lv2_inputs_and_current_sandbox_contract
defaultLang,component_payload: groups:required; lesson_ends:required; lessons:required; modules:optional; slides:required; title_slides:required | activity_profiles: ACT-001:required; ACT-002:required; ACT-003:required; ACT-004:required; ACT-005:required; ACT-009:required; ACT-010:required; ACT-011:required; ACT-012:required; ACT-013:required; ACT-014:required; ACT-015:required; ACT-016:required; ACT-017:required; ACT-018:required; ACT-019:required; ACT-020:required; ACT-021:required; ACT-022:required; ACT-023:required; ACT-024:required; ACT-025:required; ACT-026:required,non_canonical_snapshot,2026-04-09,derived_from_lv2_inputs_and_current_sandbox_contract
delayMs,activity_profiles: ACT-001:optional; ACT-002:optional; ACT-003:optional; ACT-004:optional; ACT-005:optional; ACT-009:optional; ACT-010:optional; ACT-011:optional; ACT-012:optional; ACT-013:optional; ACT-014:optional; ACT-015:optional; ACT-016:optional; ACT-017:optional; ACT-018:optional; ACT-019:optional; ACT-020:optional; ACT-021:optional; ACT-022:optional; ACT-023:optional; ACT-024:optional; ACT-025:optional; ACT-026:optional,non_canonical_snapshot,2026-04-09,derived_from_lv2_inputs_and_current_sandbox_contract
description,component_payload: groups:required; lessons:required; modules:required; slides:required; title_slides:required | activity_profiles: ACT-001:required; ACT-002:required; ACT-003:required; ACT-004:required; ACT-005:required; ACT-009:required; ACT-010:required; ACT-011:required; ACT-012:required; ACT-013:required; ACT-014:required; ACT-015:required; ACT-016:required; ACT-017:required; ACT-018:required; ACT-019:required; ACT-020:required; ACT-021:required; ACT-022:required; ACT-023:required; ACT-024:required; ACT-025:required; ACT-026:required,non_canonical_snapshot,2026-04-09,derived_from_lv2_inputs_and_current_sandbox_contract
diagnosticChecks,component_payload: groups:optional; lessons:optional | activity_profiles: ACT-001:optional; ACT-002:optional; ACT-003:optional; ACT-004:optional; ACT-005:optional; ACT-009:optional; ACT-010:optional; ACT-011:optional; ACT-012:optional; ACT-013:optional; ACT-014:optional; ACT-015:optional; ACT-016:optional; ACT-017:optional; ACT-018:optional; ACT-019:optional; ACT-020:optional; ACT-021:optional; ACT-022:optional; ACT-023:optional; ACT-024:optional; ACT-025:optional; ACT-026:optional,non_canonical_snapshot,2026-04-09,derived_from_lv2_inputs_and_current_sandbox_contract
differentiationPaths,component_payload: groups:optional; lessons:optional; modules:optional; slides:optional | activity_profiles: ACT-001:optional; ACT-002:optional; ACT-003:optional; ACT-004:optional; ACT-005:optional; ACT-009:optional; ACT-010:optional; ACT-011:optional; ACT-012:optional; ACT-013:optional; ACT-014:optional; ACT-015:optional; ACT-016:optional; ACT-017:optional; ACT-018:optional; ACT-019:optional; ACT-020:optional; ACT-021:optional; ACT-022:optional; ACT-023:optional; ACT-024:optional; ACT-025:optional; ACT-026:optional,non_canonical_snapshot,2026-04-09,derived_from_lv2_inputs_and_current_sandbox_contract
differentiationStrategies,component_payload: groups:optional; lessons:optional; modules:optional | activity_profiles: ACT-001:optional; ACT-002:optional; ACT-003:optional; ACT-004:optional; ACT-005:optional; ACT-009:optional; ACT-010:optional; ACT-011:optional; ACT-012:optional; ACT-013:optional; ACT-014:optional; ACT-015:optional; ACT-016:optional; ACT-017:optional; ACT-018:optional; ACT-019:optional; ACT-020:optional; ACT-021:optional; ACT-022:optional; ACT-023:optional; ACT-024:optional; ACT-025:optional; ACT-026:optional,non_canonical_snapshot,2026-04-09,derived_from_lv2_inputs_and_current_sandbox_contract
diffLog,component_payload: groups:optional; lesson_ends:optional; lessons:optional; modules:optional; slides:optional; title_slides:optional | activity_profiles: ACT-001:optional; ACT-002:optional; ACT-003:optional; ACT-004:optional; ACT-005:optional; ACT-009:optional; ACT-010:optional; ACT-011:optional; ACT-012:optional; ACT-013:optional; ACT-014:optional; ACT-015:optional; ACT-016:optional; ACT-017:optional; ACT-018:optional; ACT-019:optional; ACT-020:optional; ACT-021:optional; ACT-022:optional; ACT-023:optional; ACT-024:optional; ACT-025:optional; ACT-026:optional,non_canonical_snapshot,2026-04-09,derived_from_lv2_inputs_and_current_sandbox_contract
discourseFocus,component_payload: groups:optional; lessons:optional; modules:optional | activity_profiles: ACT-001:optional; ACT-002:optional; ACT-003:optional; ACT-004:optional; ACT-005:optional; ACT-009:optional; ACT-010:optional; ACT-011:optional; ACT-012:optional; ACT-013:optional; ACT-014:optional; ACT-015:optional; ACT-016:optional; ACT-017:optional; ACT-018:optional; ACT-019:optional; ACT-020:optional; ACT-021:optional; ACT-022:optional; ACT-023:optional; ACT-024:optional; ACT-025:optional; ACT-026:optional,non_canonical_snapshot,2026-04-09,derived_from_lv2_inputs_and_current_sandbox_contract
errorIndex,activity_profiles: ACT-019:required,non_canonical_snapshot,2026-04-09,derived_from_lv2_inputs_and_current_sandbox_contract
estimatedMinutes,component_payload: groups:required; lessons:optional | activity_profiles: ACT-001:required; ACT-002:required; ACT-003:required; ACT-004:required; ACT-005:required; ACT-009:required; ACT-010:required; ACT-011:required; ACT-012:required; ACT-013:required; ACT-014:required; ACT-015:required; ACT-016:required; ACT-017:required; ACT-018:required; ACT-019:required; ACT-020:required; ACT-021:required; ACT-022:required; ACT-023:required; ACT-024:required; ACT-025:required; ACT-026:required,non_canonical_snapshot,2026-04-09,derived_from_lv2_inputs_and_current_sandbox_contract
exampleResponses,component_payload: groups:optional; lessons:optional | activity_profiles: ACT-001:optional; ACT-002:optional; ACT-003:optional; ACT-004:required; ACT-005:optional; ACT-009:optional; ACT-010:optional; ACT-011:optional; ACT-012:optional; ACT-013:optional; ACT-014:optional; ACT-015:optional; ACT-016:optional; ACT-017:optional; ACT-018:optional; ACT-019:optional; ACT-020:optional; ACT-021:optional; ACT-022:optional; ACT-023:optional; ACT-024:optional; ACT-025:optional; ACT-026:optional,non_canonical_snapshot,2026-04-09,derived_from_lv2_inputs_and_current_sandbox_contract
expansionGuidelines,component_payload: groups:optional; lessons:optional; modules:optional; slides:optional | activity_profiles: ACT-001:optional; ACT-002:optional; ACT-003:optional; ACT-004:optional; ACT-005:optional; ACT-009:optional; ACT-010:optional; ACT-011:optional; ACT-012:optional; ACT-013:optional; ACT-014:optional; ACT-015:optional; ACT-016:optional; ACT-017:optional; ACT-018:optional; ACT-019:optional; ACT-020:optional; ACT-021:optional; ACT-022:optional; ACT-023:optional; ACT-024:optional; ACT-025:optional; ACT-026:optional,non_canonical_snapshot,2026-04-09,derived_from_lv2_inputs_and_current_sandbox_contract
expectedCompletionRate,component_payload: groups:optional; lessons:optional; modules:optional | activity_profiles: ACT-001:optional; ACT-002:optional; ACT-003:optional; ACT-004:optional; ACT-005:optional; ACT-009:optional; ACT-010:optional; ACT-011:optional; ACT-012:optional; ACT-013:optional; ACT-014:optional; ACT-015:optional; ACT-016:optional; ACT-017:optional; ACT-018:optional; ACT-019:optional; ACT-020:optional; ACT-021:optional; ACT-022:optional; ACT-023:optional; ACT-024:optional; ACT-025:optional; ACT-026:optional,non_canonical_snapshot,2026-04-09,derived_from_lv2_inputs_and_current_sandbox_contract
expectedModuleDurationMinutes,component_payload: modules:optional,non_canonical_snapshot,2026-04-09,derived_from_lv2_inputs_and_current_sandbox_contract
expectedTimeOnTask,component_payload: groups:optional; lessons:optional | activity_profiles: ACT-001:optional; ACT-002:optional; ACT-003:optional; ACT-004:optional; ACT-005:optional; ACT-009:optional; ACT-010:optional; ACT-011:optional; ACT-012:optional; ACT-013:optional; ACT-014:optional; ACT-015:optional; ACT-016:optional; ACT-017:optional; ACT-018:optional; ACT-019:optional; ACT-020:optional; ACT-021:optional; ACT-022:optional; ACT-023:optional; ACT-024:optional; ACT-025:optional; ACT-026:optional,non_canonical_snapshot,2026-04-09,derived_from_lv2_inputs_and_current_sandbox_contract
experimentFlag,component_payload: groups:optional; lessons:optional; modules:optional,non_canonical_snapshot,2026-04-09,derived_from_lv2_inputs_and_current_sandbox_contract
extractabilityTier,component_payload: groups:required | activity_profiles: ACT-001:optional; ACT-002:optional; ACT-003:optional; ACT-004:optional; ACT-005:optional; ACT-009:optional; ACT-010:optional; ACT-011:optional; ACT-012:optional; ACT-013:optional; ACT-014:optional; ACT-015:optional; ACT-016:optional; ACT-017:optional; ACT-018:optional; ACT-019:optional; ACT-020:optional; ACT-021:optional; ACT-022:optional; ACT-023:optional; ACT-024:optional; ACT-025:optional; ACT-026:optional,non_canonical_snapshot,2026-04-09,derived_from_lv2_inputs_and_current_sandbox_contract
extraPracticeNotes,component_payload: groups:optional; lesson_ends:optional; lessons:optional; slides:optional | activity_profiles: ACT-001:optional; ACT-002:optional; ACT-003:optional; ACT-004:optional; ACT-005:optional; ACT-009:optional; ACT-010:optional; ACT-011:optional; ACT-012:optional; ACT-013:optional; ACT-014:optional; ACT-015:optional; ACT-016:optional; ACT-017:optional; ACT-018:optional; ACT-019:optional; ACT-020:optional; ACT-021:optional; ACT-022:optional; ACT-023:optional; ACT-024:optional; ACT-025:optional; ACT-026:optional,non_canonical_snapshot,2026-04-09,derived_from_lv2_inputs_and_current_sandbox_contract
forbiddenPatterns,component_payload: groups:optional; lessons:optional; modules:optional; slides:optional | activity_profiles: ACT-001:optional; ACT-002:optional; ACT-003:optional; ACT-004:optional; ACT-005:optional; ACT-009:optional; ACT-010:optional; ACT-011:optional; ACT-012:optional; ACT-013:optional; ACT-014:optional; ACT-015:optional; ACT-016:optional; ACT-017:optional; ACT-018:optional; ACT-019:optional; ACT-020:optional; ACT-021:optional; ACT-022:optional; ACT-023:optional; ACT-024:optional; ACT-025:optional; ACT-026:optional,non_canonical_snapshot,2026-04-09,derived_from_lv2_inputs_and_current_sandbox_contract
grammarFocus,component_payload: groups:optional; lessons:optional; modules:optional | activity_profiles: ACT-001:optional; ACT-002:optional; ACT-003:optional; ACT-004:optional; ACT-005:optional; ACT-009:optional; ACT-010:optional; ACT-011:optional; ACT-012:optional; ACT-013:optional; ACT-014:optional; ACT-015:optional; ACT-016:optional; ACT-017:optional; ACT-018:optional; ACT-019:optional; ACT-020:optional; ACT-021:optional; ACT-022:optional; ACT-023:optional; ACT-024:optional; ACT-025:optional; ACT-026:optional,non_canonical_snapshot,2026-04-09,derived_from_lv2_inputs_and_current_sandbox_contract
groupGoal,component_payload: groups:required,non_canonical_snapshot,2026-04-09,derived_from_lv2_inputs_and_current_sandbox_contract
groupId,component_payload: groups:required; slides:required | activity_profiles: ACT-001:required; ACT-002:required; ACT-003:required; ACT-004:required; ACT-005:required; ACT-009:required; ACT-010:required; ACT-011:required; ACT-012:required; ACT-013:required; ACT-014:required; ACT-015:required; ACT-016:required; ACT-017:required; ACT-018:required; ACT-019:required; ACT-020:required; ACT-021:required; ACT-022:required; ACT-023:required; ACT-024:required; ACT-025:required; ACT-026:required,non_canonical_snapshot,2026-04-09,derived_from_lv2_inputs_and_current_sandbox_contract
groupName,component_payload: groups:required; slides:required | activity_profiles: ACT-001:optional; ACT-002:optional; ACT-003:optional; ACT-004:optional; ACT-005:optional; ACT-009:optional; ACT-010:optional; ACT-011:optional; ACT-012:optional; ACT-013:optional; ACT-014:optional; ACT-015:optional; ACT-016:optional; ACT-017:optional; ACT-018:optional; ACT-019:optional; ACT-020:optional; ACT-021:optional; ACT-022:optional; ACT-023:optional; ACT-024:optional; ACT-025:optional; ACT-026:optional,non_canonical_snapshot,2026-04-09,derived_from_lv2_inputs_and_current_sandbox_contract
groupPlan,component_payload: groups:required; lessons:optional,non_canonical_snapshot,2026-04-09,derived_from_lv2_inputs_and_current_sandbox_contract
groupSlidesPlan,component_payload: groups:required,non_canonical_snapshot,2026-04-09,derived_from_lv2_inputs_and_current_sandbox_contract
groupSummary,component_payload: groups:required,non_canonical_snapshot,2026-04-09,derived_from_lv2_inputs_and_current_sandbox_contract
groupType,component_payload: groups:required,non_canonical_snapshot,2026-04-09,derived_from_lv2_inputs_and_current_sandbox_contract
imageUrl,activity_profiles: ACT-024:optional,non_canonical_snapshot,2026-04-09,derived_from_lv2_inputs_and_current_sandbox_contract
incorrectSentence,activity_profiles: ACT-019:required,non_canonical_snapshot,2026-04-09,derived_from_lv2_inputs_and_current_sandbox_contract
ingestPayload,component_payload: groups:required; lesson_ends:required; lessons:required; modules:required; slides:required; title_slides:required | activity_profiles: ACT-001:required; ACT-002:required; ACT-003:required; ACT-004:required; ACT-005:required; ACT-009:required; ACT-010:required; ACT-011:required; ACT-012:required; ACT-013:required; ACT-014:required; ACT-015:required; ACT-016:required; ACT-017:required; ACT-018:required; ACT-019:required; ACT-020:required; ACT-021:required; ACT-022:required; ACT-023:required; ACT-024:required; ACT-025:required; ACT-026:required,non_canonical_snapshot,2026-04-09,derived_from_lv2_inputs_and_current_sandbox_contract
ingestSource,component_payload: groups:required; lesson_ends:required; lessons:required; modules:required; slides:required; title_slides:required | activity_profiles: ACT-001:required; ACT-002:required; ACT-003:required; ACT-004:required; ACT-005:required; ACT-009:required; ACT-010:required; ACT-011:required; ACT-012:required; ACT-013:required; ACT-014:required; ACT-015:required; ACT-016:required; ACT-017:required; ACT-018:required; ACT-019:required; ACT-020:required; ACT-021:required; ACT-022:required; ACT-023:required; ACT-024:required; ACT-025:required; ACT-026:required,non_canonical_snapshot,2026-04-09,derived_from_lv2_inputs_and_current_sandbox_contract
instructions,component_payload: slides:optional; title_slides:optional | activity_profiles: ACT-001:required; ACT-002:required; ACT-003:required; ACT-004:required; ACT-005:required; ACT-009:required; ACT-010:required; ACT-011:required; ACT-012:required; ACT-013:required; ACT-014:required; ACT-015:required; ACT-016:required; ACT-017:required; ACT-018:required; ACT-019:required; ACT-020:required; ACT-021:required; ACT-022:required; ACT-023:required; ACT-024:required; ACT-025:required; ACT-026:required,non_canonical_snapshot,2026-04-09,derived_from_lv2_inputs_and_current_sandbox_contract
intonationOptions,activity_profiles: ACT-004:required,non_canonical_snapshot,2026-04-09,derived_from_lv2_inputs_and_current_sandbox_contract
isRequiredToPass,component_payload: groups:optional | activity_profiles: ACT-001:required; ACT-002:required; ACT-003:required; ACT-004:required; ACT-005:required; ACT-009:required; ACT-010:required; ACT-011:required; ACT-012:required; ACT-013:required; ACT-014:required; ACT-015:required; ACT-016:required; ACT-017:required; ACT-018:required; ACT-019:required; ACT-020:required; ACT-021:required; ACT-022:required; ACT-023:required; ACT-024:required; ACT-025:required; ACT-026:required,non_canonical_snapshot,2026-04-09,derived_from_lv2_inputs_and_current_sandbox_contract
keyTakeawaysLesson,component_payload: lessons:required,non_canonical_snapshot,2026-04-09,derived_from_lv2_inputs_and_current_sandbox_contract
keyTakeawaysSlide,component_payload: slides:required,non_canonical_snapshot,2026-04-09,derived_from_lv2_inputs_and_current_sandbox_contract
keywords,component_payload: groups:required; lessons:required; modules:required | activity_profiles: ACT-001:required; ACT-002:required; ACT-003:required; ACT-004:required; ACT-005:required; ACT-009:required; ACT-010:required; ACT-011:required; ACT-012:required; ACT-013:required; ACT-014:required; ACT-015:required; ACT-016:required; ACT-017:required; ACT-018:required; ACT-019:required; ACT-020:required; ACT-021:required; ACT-022:required; ACT-023:required; ACT-024:required; ACT-025:required; ACT-026:required,non_canonical_snapshot,2026-04-09,derived_from_lv2_inputs_and_current_sandbox_contract
keywordThreshold,activity_profiles: ACT-022:required,non_canonical_snapshot,2026-04-09,derived_from_lv2_inputs_and_current_sandbox_contract
l1InterferenceNotes,component_payload: groups:optional; lessons:optional; slides:optional | activity_profiles: ACT-001:optional; ACT-002:optional; ACT-003:optional; ACT-004:optional; ACT-005:optional; ACT-009:optional; ACT-010:optional; ACT-011:optional; ACT-012:optional; ACT-013:optional; ACT-014:optional; ACT-015:optional; ACT-016:optional; ACT-017:optional; ACT-018:optional; ACT-019:optional; ACT-020:optional; ACT-021:optional; ACT-022:optional; ACT-023:optional; ACT-024:optional; ACT-025:optional; ACT-026:optional,non_canonical_snapshot,2026-04-09,derived_from_lv2_inputs_and_current_sandbox_contract
lastUpdatedAt,component_payload: groups:required; lesson_ends:required; lessons:required; modules:required; slides:required; title_slides:required | activity_profiles: ACT-001:required; ACT-002:required; ACT-003:required; ACT-004:required; ACT-005:required; ACT-009:required; ACT-010:required; ACT-011:required; ACT-012:required; ACT-013:required; ACT-014:required; ACT-015:required; ACT-016:required; ACT-017:required; ACT-018:required; ACT-019:required; ACT-020:required; ACT-021:required; ACT-022:required; ACT-023:required; ACT-024:required; ACT-025:required; ACT-026:required,non_canonical_snapshot,2026-04-09,derived_from_lv2_inputs_and_current_sandbox_contract
lastUpdatedBy,component_payload: groups:required; lesson_ends:required; lessons:required; modules:required; slides:required; title_slides:required | activity_profiles: ACT-001:required; ACT-002:required; ACT-003:required; ACT-004:required; ACT-005:required; ACT-009:required; ACT-010:required; ACT-011:required; ACT-012:required; ACT-013:required; ACT-014:required; ACT-015:required; ACT-016:required; ACT-017:required; ACT-018:required; ACT-019:required; ACT-020:required; ACT-021:required; ACT-022:required; ACT-023:required; ACT-024:required; ACT-025:required; ACT-026:required,non_canonical_snapshot,2026-04-09,derived_from_lv2_inputs_and_current_sandbox_contract
learningGoalPreviewGroup,component_payload: groups:required,non_canonical_snapshot,2026-04-09,derived_from_lv2_inputs_and_current_sandbox_contract
learningGoalPreviewLesson,component_payload: lessons:required,non_canonical_snapshot,2026-04-09,derived_from_lv2_inputs_and_current_sandbox_contract
learningGoalPreviewModule,component_payload: modules:required,non_canonical_snapshot,2026-04-09,derived_from_lv2_inputs_and_current_sandbox_contract
learningObjectives,component_payload: groups:required; lessons:required; modules:required; slides:required | activity_profiles: ACT-001:required; ACT-002:required; ACT-003:required; ACT-004:required; ACT-005:required; ACT-009:required; ACT-010:required; ACT-011:required; ACT-012:required; ACT-013:required; ACT-014:required; ACT-015:required; ACT-016:required; ACT-017:required; ACT-018:required; ACT-019:required; ACT-020:required; ACT-021:required; ACT-022:required; ACT-023:required; ACT-024:required; ACT-025:required; ACT-026:required,non_canonical_snapshot,2026-04-09,derived_from_lv2_inputs_and_current_sandbox_contract
lessonEndActions,component_payload: lesson_ends:required,non_canonical_snapshot,2026-04-09,derived_from_lv2_inputs_and_current_sandbox_contract
lessonEndMessage,component_payload: lesson_ends:required,non_canonical_snapshot,2026-04-09,derived_from_lv2_inputs_and_current_sandbox_contract
lessonId,component_payload: groups:required; lesson_ends:required; lessons:required; slides:required; title_slides:required | activity_profiles: ACT-001:required; ACT-002:required; ACT-003:required; ACT-004:required; ACT-005:required; ACT-009:required; ACT-010:required; ACT-011:required; ACT-012:required; ACT-013:required; ACT-014:required; ACT-015:required; ACT-016:required; ACT-017:required; ACT-018:required; ACT-019:required; ACT-020:required; ACT-021:required; ACT-022:required; ACT-023:required; ACT-024:required; ACT-025:required; ACT-026:required,non_canonical_snapshot,2026-04-09,derived_from_lv2_inputs_and_current_sandbox_contract
lessonSequenceRules,component_payload: modules:optional,non_canonical_snapshot,2026-04-09,derived_from_lv2_inputs_and_current_sandbox_contract
letterUnits,activity_profiles: ACT-024:required,non_canonical_snapshot,2026-04-09,derived_from_lv2_inputs_and_current_sandbox_contract
level,component_payload: modules:required,non_canonical_snapshot,2026-04-09,derived_from_lv2_inputs_and_current_sandbox_contract
levelMax,component_payload: groups:required; lessons:required; modules:required | activity_profiles: ACT-001:required; ACT-002:required; ACT-003:required; ACT-004:required; ACT-005:required; ACT-009:required; ACT-010:required; ACT-011:required; ACT-012:required; ACT-013:required; ACT-014:required; ACT-015:required; ACT-016:required; ACT-017:required; ACT-018:required; ACT-019:required; ACT-020:required; ACT-021:required; ACT-022:required; ACT-023:required; ACT-024:required; ACT-025:required; ACT-026:required,non_canonical_snapshot,2026-04-09,derived_from_lv2_inputs_and_current_sandbox_contract
levelMin,component_payload: groups:required; lessons:required; modules:required | activity_profiles: ACT-001:required; ACT-002:required; ACT-003:required; ACT-004:required; ACT-005:required; ACT-009:required; ACT-010:required; ACT-011:required; ACT-012:required; ACT-013:required; ACT-014:required; ACT-015:required; ACT-016:required; ACT-017:required; ACT-018:required; ACT-019:required; ACT-020:required; ACT-021:required; ACT-022:required; ACT-023:required; ACT-024:required; ACT-025:required; ACT-026:required,non_canonical_snapshot,2026-04-09,derived_from_lv2_inputs_and_current_sandbox_contract
lines,activity_profiles: ACT-001:required; ACT-005:required,non_canonical_snapshot,2026-04-09,derived_from_lv2_inputs_and_current_sandbox_contract
linkedGroups,component_payload: groups:required,non_canonical_snapshot,2026-04-09,derived_from_lv2_inputs_and_current_sandbox_contract
linkedModules,component_payload: modules:required,non_canonical_snapshot,2026-04-09,derived_from_lv2_inputs_and_current_sandbox_contract
linkedResources,component_payload: groups:optional; lessons:optional; modules:optional | activity_profiles: ACT-001:optional; ACT-002:optional; ACT-003:optional; ACT-004:optional; ACT-005:optional; ACT-009:optional; ACT-010:optional; ACT-011:optional; ACT-012:optional; ACT-013:optional; ACT-014:optional; ACT-015:optional; ACT-016:optional; ACT-017:optional; ACT-018:optional; ACT-019:optional; ACT-020:optional; ACT-021:optional; ACT-022:optional; ACT-023:optional; ACT-024:optional; ACT-025:optional; ACT-026:optional,non_canonical_snapshot,2026-04-09,derived_from_lv2_inputs_and_current_sandbox_contract
manualOverrideJson,component_payload: groups:optional; lessons:optional; modules:optional | activity_profiles: ACT-001:optional; ACT-002:optional; ACT-003:optional; ACT-004:optional; ACT-005:optional; ACT-009:optional; ACT-010:optional; ACT-011:optional; ACT-012:optional; ACT-013:optional; ACT-014:optional; ACT-015:optional; ACT-016:optional; ACT-017:optional; ACT-018:optional; ACT-019:optional; ACT-020:optional; ACT-021:optional; ACT-022:optional; ACT-023:optional; ACT-024:optional; ACT-025:optional; ACT-026:optional,non_canonical_snapshot,2026-04-09,derived_from_lv2_inputs_and_current_sandbox_contract
masteryRule,component_payload: groups:optional; lessons:optional | activity_profiles: ACT-001:optional; ACT-002:optional; ACT-003:optional; ACT-004:optional; ACT-005:optional; ACT-009:optional; ACT-010:optional; ACT-011:optional; ACT-012:optional; ACT-013:optional; ACT-014:optional; ACT-015:optional; ACT-016:optional; ACT-017:optional; ACT-018:optional; ACT-019:optional; ACT-020:optional; ACT-021:optional; ACT-022:optional; ACT-023:optional; ACT-024:optional; ACT-025:optional; ACT-026:optional,non_canonical_snapshot,2026-04-09,derived_from_lv2_inputs_and_current_sandbox_contract
masteryThreshold,component_payload: groups:optional; lessons:optional | activity_profiles: ACT-001:optional; ACT-002:optional; ACT-003:optional; ACT-004:optional; ACT-005:optional; ACT-009:optional; ACT-010:optional; ACT-011:optional; ACT-012:optional; ACT-013:optional; ACT-014:optional; ACT-015:optional; ACT-016:optional; ACT-017:optional; ACT-018:optional; ACT-019:optional; ACT-020:optional; ACT-021:optional; ACT-022:optional; ACT-023:optional; ACT-024:optional; ACT-025:optional; ACT-026:optional,non_canonical_snapshot,2026-04-09,derived_from_lv2_inputs_and_current_sandbox_contract
matchPairs,activity_profiles: ACT-013:required,non_canonical_snapshot,2026-04-09,derived_from_lv2_inputs_and_current_sandbox_contract
maxAttempts,component_payload: groups:optional; lessons:optional | activity_profiles: ACT-001:required; ACT-002:required; ACT-003:required; ACT-004:required; ACT-005:required; ACT-009:required; ACT-010:required; ACT-011:required; ACT-012:required; ACT-013:required; ACT-014:required; ACT-015:required; ACT-016:required; ACT-017:required; ACT-018:required; ACT-019:required; ACT-020:required; ACT-021:required; ACT-022:required; ACT-023:required; ACT-024:required; ACT-025:required; ACT-026:required,non_canonical_snapshot,2026-04-09,derived_from_lv2_inputs_and_current_sandbox_contract
maxRetries,activity_profiles: ACT-024:required,non_canonical_snapshot,2026-04-09,derived_from_lv2_inputs_and_current_sandbox_contract
maxScoreValue,component_payload: groups:optional | activity_profiles: ACT-001:required; ACT-002:required; ACT-003:required; ACT-004:required; ACT-005:required; ACT-009:required; ACT-010:required; ACT-011:required; ACT-012:required; ACT-013:required; ACT-014:required; ACT-015:required; ACT-016:required; ACT-017:required; ACT-018:required; ACT-019:required; ACT-020:required; ACT-021:required; ACT-022:required; ACT-023:required; ACT-024:required; ACT-025:required; ACT-026:required,non_canonical_snapshot,2026-04-09,derived_from_lv2_inputs_and_current_sandbox_contract
maxWordCount,activity_profiles: ACT-022:required,non_canonical_snapshot,2026-04-09,derived_from_lv2_inputs_and_current_sandbox_contract
metadata,component_payload: groups:optional; lesson_ends:optional; modules:optional; slides:optional; title_slides:optional | activity_profiles: ACT-001:optional; ACT-002:optional; ACT-003:optional; ACT-004:optional; ACT-005:optional; ACT-009:optional; ACT-010:optional; ACT-011:optional; ACT-012:optional; ACT-013:optional; ACT-014:optional; ACT-015:optional; ACT-016:optional; ACT-017:optional; ACT-018:optional; ACT-019:optional; ACT-020:optional; ACT-021:optional; ACT-022:optional; ACT-023:optional; ACT-024:optional; ACT-025:optional; ACT-026:optional,non_canonical_snapshot,2026-04-09,derived_from_lv2_inputs_and_current_sandbox_contract
minAttemptsBeforeSkip,component_payload: groups:optional; lessons:optional | activity_profiles: ACT-001:required; ACT-002:required; ACT-003:required; ACT-004:required; ACT-005:required; ACT-009:required; ACT-010:required; ACT-011:required; ACT-012:required; ACT-013:required; ACT-014:required; ACT-015:required; ACT-016:required; ACT-017:required; ACT-018:required; ACT-019:required; ACT-020:required; ACT-021:required; ACT-022:required; ACT-023:required; ACT-024:required; ACT-025:required; ACT-026:required,non_canonical_snapshot,2026-04-09,derived_from_lv2_inputs_and_current_sandbox_contract
minWordCount,activity_profiles: ACT-022:required,non_canonical_snapshot,2026-04-09,derived_from_lv2_inputs_and_current_sandbox_contract
moduleAssessmentPlan,component_payload: modules:required,non_canonical_snapshot,2026-04-09,derived_from_lv2_inputs_and_current_sandbox_contract
moduleGoal,component_payload: modules:required,non_canonical_snapshot,2026-04-09,derived_from_lv2_inputs_and_current_sandbox_contract
moduleId,component_payload: groups:required; lesson_ends:required; lessons:required; modules:required; slides:required; title_slides:required | activity_profiles: ACT-001:required; ACT-002:required; ACT-003:required; ACT-004:required; ACT-005:required; ACT-009:required; ACT-010:required; ACT-011:required; ACT-012:required; ACT-013:required; ACT-014:required; ACT-015:required; ACT-016:required; ACT-017:required; ACT-018:required; ACT-019:required; ACT-020:required; ACT-021:required; ACT-022:required; ACT-023:required; ACT-024:required; ACT-025:required; ACT-026:required,non_canonical_snapshot,2026-04-09,derived_from_lv2_inputs_and_current_sandbox_contract
moduleMasteryRule,component_payload: modules:required,non_canonical_snapshot,2026-04-09,derived_from_lv2_inputs_and_current_sandbox_contract
moduleMasteryThreshold,component_payload: modules:required,non_canonical_snapshot,2026-04-09,derived_from_lv2_inputs_and_current_sandbox_contract
moduleOutcomes,component_payload: modules:required,non_canonical_snapshot,2026-04-09,derived_from_lv2_inputs_and_current_sandbox_contract
note,activity_profiles: ACT-001:optional; ACT-002:optional; ACT-003:optional; ACT-004:optional; ACT-005:optional; ACT-009:optional; ACT-010:optional; ACT-011:optional; ACT-012:optional; ACT-013:optional; ACT-014:optional; ACT-015:optional; ACT-016:optional; ACT-017:optional; ACT-018:optional; ACT-019:optional; ACT-020:optional; ACT-021:optional; ACT-022:optional; ACT-023:optional; ACT-024:optional; ACT-025:optional; ACT-026:optional,non_canonical_snapshot,2026-04-09,derived_from_lv2_inputs_and_current_sandbox_contract
notesForTeacherOrAI,component_payload: groups:optional; lessons:optional; slides:optional | activity_profiles: ACT-001:optional; ACT-002:optional; ACT-003:optional; ACT-004:optional; ACT-005:optional; ACT-009:optional; ACT-010:optional; ACT-011:optional; ACT-012:optional; ACT-013:optional; ACT-014:optional; ACT-015:optional; ACT-016:optional; ACT-017:optional; ACT-018:optional; ACT-019:optional; ACT-020:optional; ACT-021:optional; ACT-022:optional; ACT-023:optional; ACT-024:optional; ACT-025:optional; ACT-026:optional,non_canonical_snapshot,2026-04-09,derived_from_lv2_inputs_and_current_sandbox_contract
optionalLessons,component_payload: modules:optional,non_canonical_snapshot,2026-04-09,derived_from_lv2_inputs_and_current_sandbox_contract
orderIndex,component_payload: groups:required; lesson_ends:required; lessons:required; modules:optional; slides:required | activity_profiles: ACT-001:required; ACT-002:required; ACT-003:required; ACT-004:required; ACT-005:required; ACT-009:required; ACT-010:required; ACT-011:required; ACT-012:required; ACT-013:required; ACT-014:required; ACT-015:required; ACT-016:required; ACT-017:required; ACT-018:required; ACT-019:required; ACT-020:required; ACT-021:required; ACT-022:required; ACT-023:required; ACT-024:required; ACT-025:required; ACT-026:required,non_canonical_snapshot,2026-04-09,derived_from_lv2_inputs_and_current_sandbox_contract
ownerTeam,component_payload: groups:required; lesson_ends:required; lessons:required; modules:required; slides:required; title_slides:required | activity_profiles: ACT-001:required; ACT-002:required; ACT-003:required; ACT-004:required; ACT-005:required; ACT-009:required; ACT-010:required; ACT-011:required; ACT-012:required; ACT-013:required; ACT-014:required; ACT-015:required; ACT-016:required; ACT-017:required; ACT-018:required; ACT-019:required; ACT-020:required; ACT-021:required; ACT-022:required; ACT-023:required; ACT-024:required; ACT-025:required; ACT-026:required,non_canonical_snapshot,2026-04-09,derived_from_lv2_inputs_and_current_sandbox_contract
pacingNotes,component_payload: groups:optional; lessons:optional,non_canonical_snapshot,2026-04-09,derived_from_lv2_inputs_and_current_sandbox_contract
passingScoreType,component_payload: groups:optional | activity_profiles: ACT-001:required; ACT-002:required; ACT-003:required; ACT-004:required; ACT-005:required; ACT-009:required; ACT-010:required; ACT-011:required; ACT-012:required; ACT-013:required; ACT-014:required; ACT-015:required; ACT-016:required; ACT-017:required; ACT-018:required; ACT-019:required; ACT-020:required; ACT-021:required; ACT-022:required; ACT-023:required; ACT-024:required; ACT-025:required; ACT-026:required,non_canonical_snapshot,2026-04-09,derived_from_lv2_inputs_and_current_sandbox_contract
passingScoreValue,component_payload: groups:optional | activity_profiles: ACT-001:required; ACT-002:required; ACT-003:required; ACT-004:required; ACT-005:required; ACT-009:required; ACT-010:required; ACT-011:required; ACT-012:required; ACT-013:required; ACT-014:required; ACT-015:required; ACT-016:required; ACT-017:required; ACT-018:required; ACT-019:required; ACT-020:required; ACT-021:required; ACT-022:required; ACT-023:required; ACT-024:required; ACT-025:required; ACT-026:required,non_canonical_snapshot,2026-04-09,derived_from_lv2_inputs_and_current_sandbox_contract
passRequiredForNext,component_payload: groups:optional; lessons:optional | activity_profiles: ACT-001:optional; ACT-002:optional; ACT-003:optional; ACT-004:optional; ACT-005:optional; ACT-009:optional; ACT-010:optional; ACT-011:optional; ACT-012:optional; ACT-013:optional; ACT-014:optional; ACT-015:optional; ACT-016:optional; ACT-017:optional; ACT-018:optional; ACT-019:optional; ACT-020:optional; ACT-021:optional; ACT-022:optional; ACT-023:optional; ACT-024:optional; ACT-025:optional; ACT-026:optional,non_canonical_snapshot,2026-04-09,derived_from_lv2_inputs_and_current_sandbox_contract
passThreshold,activity_profiles: ACT-024:required,non_canonical_snapshot,2026-04-09,derived_from_lv2_inputs_and_current_sandbox_contract
pedagogicalStrategy,component_payload: lessons:optional; modules:required,non_canonical_snapshot,2026-04-09,derived_from_lv2_inputs_and_current_sandbox_contract
practiceProgression,component_payload: lessons:optional,non_canonical_snapshot,2026-04-09,derived_from_lv2_inputs_and_current_sandbox_contract
prerequisiteEdges,component_payload: groups:required; lessons:required | activity_profiles: ACT-001:required; ACT-002:required; ACT-003:required; ACT-004:required; ACT-005:required; ACT-009:required; ACT-010:required; ACT-011:required; ACT-012:required; ACT-013:required; ACT-014:required; ACT-015:required; ACT-016:required; ACT-017:required; ACT-018:required; ACT-019:required; ACT-020:required; ACT-021:required; ACT-022:required; ACT-023:required; ACT-024:required; ACT-025:required; ACT-026:required,non_canonical_snapshot,2026-04-09,derived_from_lv2_inputs_and_current_sandbox_contract
prerequisiteModules,component_payload: modules:required | activity_profiles: ACT-001:required; ACT-002:required; ACT-003:required; ACT-004:required; ACT-005:required; ACT-009:required; ACT-010:required; ACT-011:required; ACT-012:required; ACT-013:required; ACT-014:required; ACT-015:required; ACT-016:required; ACT-017:required; ACT-018:required; ACT-019:required; ACT-020:required; ACT-021:required; ACT-022:required; ACT-023:required; ACT-024:required; ACT-025:required; ACT-026:required,non_canonical_snapshot,2026-04-09,derived_from_lv2_inputs_and_current_sandbox_contract
prerequisiteNodes,component_payload: groups:required; lessons:required | activity_profiles: ACT-001:required; ACT-002:required; ACT-003:required; ACT-004:required; ACT-005:required; ACT-009:required; ACT-010:required; ACT-011:required; ACT-012:required; ACT-013:required; ACT-014:required; ACT-015:required; ACT-016:required; ACT-017:required; ACT-018:required; ACT-019:required; ACT-020:required; ACT-021:required; ACT-022:required; ACT-023:required; ACT-024:required; ACT-025:required; ACT-026:required,non_canonical_snapshot,2026-04-09,derived_from_lv2_inputs_and_current_sandbox_contract
prerequisites,component_payload: groups:required; lessons:required | activity_profiles: ACT-001:optional; ACT-002:optional; ACT-003:optional; ACT-004:optional; ACT-005:optional; ACT-009:optional; ACT-010:optional; ACT-011:optional; ACT-012:optional; ACT-013:optional; ACT-014:optional; ACT-015:optional; ACT-016:optional; ACT-017:optional; ACT-018:optional; ACT-019:optional; ACT-020:optional; ACT-021:optional; ACT-022:optional; ACT-023:optional; ACT-024:optional; ACT-025:optional; ACT-026:optional,non_canonical_snapshot,2026-04-09,derived_from_lv2_inputs_and_current_sandbox_contract
prerequisiteSlices,component_payload: groups:required; lessons:required | activity_profiles: ACT-001:required; ACT-002:required; ACT-003:required; ACT-004:required; ACT-005:required; ACT-009:required; ACT-010:required; ACT-011:required; ACT-012:required; ACT-013:required; ACT-014:required; ACT-015:required; ACT-016:required; ACT-017:required; ACT-018:required; ACT-019:required; ACT-020:required; ACT-021:required; ACT-022:required; ACT-023:required; ACT-024:required; ACT-025:required; ACT-026:required,non_canonical_snapshot,2026-04-09,derived_from_lv2_inputs_and_current_sandbox_contract
primaryCtaAction,component_payload: title_slides:optional,non_canonical_snapshot,2026-04-09,derived_from_lv2_inputs_and_current_sandbox_contract
primaryCtaLabel,component_payload: title_slides:optional,non_canonical_snapshot,2026-04-09,derived_from_lv2_inputs_and_current_sandbox_contract
priorLessons,component_payload: lessons:required | activity_profiles: ACT-001:optional; ACT-002:optional; ACT-003:optional; ACT-004:optional; ACT-005:optional; ACT-009:optional; ACT-010:optional; ACT-011:optional; ACT-012:optional; ACT-013:optional; ACT-014:optional; ACT-015:optional; ACT-016:optional; ACT-017:optional; ACT-018:optional; ACT-019:optional; ACT-020:optional; ACT-021:optional; ACT-022:optional; ACT-023:optional; ACT-024:optional; ACT-025:optional; ACT-026:optional,non_canonical_snapshot,2026-04-09,derived_from_lv2_inputs_and_current_sandbox_contract
progressionNotes,component_payload: modules:optional,non_canonical_snapshot,2026-04-09,derived_from_lv2_inputs_and_current_sandbox_contract
promptMode,activity_profiles: ACT-003:required,non_canonical_snapshot,2026-04-09,derived_from_lv2_inputs_and_current_sandbox_contract
promptText,activity_profiles: ACT-010:required; ACT-020:required; ACT-022:required; ACT-026:required,non_canonical_snapshot,2026-04-09,derived_from_lv2_inputs_and_current_sandbox_contract
pronunciationFocus,component_payload: groups:optional; lessons:optional; modules:optional | activity_profiles: ACT-001:optional; ACT-002:optional; ACT-003:optional; ACT-004:optional; ACT-005:optional; ACT-009:optional; ACT-010:optional; ACT-011:optional; ACT-012:optional; ACT-013:optional; ACT-014:optional; ACT-015:optional; ACT-016:optional; ACT-017:optional; ACT-018:optional; ACT-019:optional; ACT-020:optional; ACT-021:optional; ACT-022:optional; ACT-023:optional; ACT-024:optional; ACT-025:optional; ACT-026:optional,non_canonical_snapshot,2026-04-09,derived_from_lv2_inputs_and_current_sandbox_contract
propsJson,activity_profiles: ACT-001:required; ACT-002:required; ACT-003:required; ACT-004:required; ACT-005:required; ACT-009:required; ACT-010:required; ACT-011:required; ACT-012:required; ACT-013:required; ACT-014:required; ACT-015:required; ACT-016:required; ACT-017:required; ACT-018:required; ACT-019:required; ACT-020:required; ACT-021:required; ACT-022:required; ACT-023:required; ACT-024:required; ACT-025:required; ACT-026:required,non_canonical_snapshot,2026-04-09,derived_from_lv2_inputs_and_current_sandbox_contract
publishNotes,component_payload: groups:optional; lessons:optional; modules:optional,non_canonical_snapshot,2026-04-09,derived_from_lv2_inputs_and_current_sandbox_contract
purposeRelationshipTag,component_payload: groups:optional,non_canonical_snapshot,2026-04-09,derived_from_lv2_inputs_and_current_sandbox_contract
recommendedNextStep,component_payload: lesson_ends:required,non_canonical_snapshot,2026-04-09,derived_from_lv2_inputs_and_current_sandbox_contract
registerTone,component_payload: groups:optional; lessons:optional; modules:optional | activity_profiles: ACT-001:required; ACT-002:required; ACT-003:required; ACT-004:required; ACT-005:required; ACT-009:required; ACT-010:required; ACT-011:required; ACT-012:required; ACT-013:required; ACT-014:required; ACT-015:required; ACT-016:required; ACT-017:required; ACT-018:required; ACT-019:required; ACT-020:required; ACT-021:required; ACT-022:required; ACT-023:required; ACT-024:required; ACT-025:required; ACT-026:required,non_canonical_snapshot,2026-04-09,derived_from_lv2_inputs_and_current_sandbox_contract
registerVariants,component_payload: groups:optional; lessons:optional; slides:optional | activity_profiles: ACT-001:required; ACT-002:required; ACT-003:required; ACT-004:required; ACT-005:required; ACT-009:required; ACT-010:required; ACT-011:required; ACT-012:required; ACT-013:required; ACT-014:required; ACT-015:required; ACT-016:required; ACT-017:required; ACT-018:required; ACT-019:required; ACT-020:required; ACT-021:required; ACT-022:required; ACT-023:required; ACT-024:required; ACT-025:required; ACT-026:required,non_canonical_snapshot,2026-04-09,derived_from_lv2_inputs_and_current_sandbox_contract
remediationGuidance,component_payload: groups:optional; lessons:optional; modules:optional | activity_profiles: ACT-001:optional; ACT-002:optional; ACT-003:optional; ACT-004:optional; ACT-005:optional; ACT-009:optional; ACT-010:optional; ACT-011:optional; ACT-012:optional; ACT-013:optional; ACT-014:optional; ACT-015:optional; ACT-016:optional; ACT-017:optional; ACT-018:optional; ACT-019:optional; ACT-020:optional; ACT-021:optional; ACT-022:optional; ACT-023:optional; ACT-024:optional; ACT-025:optional; ACT-026:optional,non_canonical_snapshot,2026-04-09,derived_from_lv2_inputs_and_current_sandbox_contract
remediationPaths,component_payload: groups:optional; lessons:optional; modules:optional; slides:optional | activity_profiles: ACT-001:optional; ACT-002:optional; ACT-003:optional; ACT-004:optional; ACT-005:optional; ACT-009:optional; ACT-010:optional; ACT-011:optional; ACT-012:optional; ACT-013:optional; ACT-014:optional; ACT-015:optional; ACT-016:optional; ACT-017:optional; ACT-018:optional; ACT-019:optional; ACT-020:optional; ACT-021:optional; ACT-022:optional; ACT-023:optional; ACT-024:optional; ACT-025:optional; ACT-026:optional,non_canonical_snapshot,2026-04-09,derived_from_lv2_inputs_and_current_sandbox_contract
requiredLessons,component_payload: modules:required,non_canonical_snapshot,2026-04-09,derived_from_lv2_inputs_and_current_sandbox_contract
requiredScore,component_payload: groups:optional; lessons:optional | activity_profiles: ACT-001:required; ACT-002:required; ACT-003:required; ACT-004:required; ACT-005:required; ACT-009:required; ACT-010:required; ACT-011:required; ACT-012:required; ACT-013:required; ACT-014:required; ACT-015:required; ACT-016:required; ACT-017:required; ACT-018:required; ACT-019:required; ACT-020:required; ACT-021:required; ACT-022:required; ACT-023:required; ACT-024:required; ACT-025:required; ACT-026:required,non_canonical_snapshot,2026-04-09,derived_from_lv2_inputs_and_current_sandbox_contract
retryPolicy,component_payload: groups:optional; lessons:optional | activity_profiles: ACT-001:required; ACT-002:required; ACT-003:required; ACT-004:required; ACT-005:required; ACT-009:required; ACT-010:required; ACT-011:required; ACT-012:required; ACT-013:required; ACT-014:required; ACT-015:required; ACT-016:required; ACT-017:required; ACT-018:required; ACT-019:required; ACT-020:required; ACT-021:required; ACT-022:required; ACT-023:required; ACT-024:required; ACT-025:required; ACT-026:required,non_canonical_snapshot,2026-04-09,derived_from_lv2_inputs_and_current_sandbox_contract
reviewRequired,component_payload: groups:optional; lessons:optional; modules:optional,non_canonical_snapshot,2026-04-09,derived_from_lv2_inputs_and_current_sandbox_contract
runtimeContractV1,activity_profiles: ACT-001:required; ACT-002:required; ACT-003:required; ACT-004:required; ACT-005:required; ACT-009:required; ACT-010:required; ACT-011:required; ACT-012:required; ACT-013:required; ACT-014:required; ACT-015:required; ACT-016:required; ACT-017:required; ACT-018:required; ACT-019:required; ACT-020:required; ACT-021:required; ACT-022:required; ACT-023:required; ACT-024:required; ACT-025:required; ACT-026:required,non_canonical_snapshot,2026-04-09,derived_from_lv2_inputs_and_current_sandbox_contract
scaffoldingPlan,component_payload: lessons:required,non_canonical_snapshot,2026-04-09,derived_from_lv2_inputs_and_current_sandbox_contract
sentenceCards,activity_profiles: ACT-016:required,non_canonical_snapshot,2026-04-09,derived_from_lv2_inputs_and_current_sandbox_contract
sentenceTokens,activity_profiles: ACT-015:required,non_canonical_snapshot,2026-04-09,derived_from_lv2_inputs_and_current_sandbox_contract
sentenceWithGaps,activity_profiles: ACT-017:required; ACT-018:required,non_canonical_snapshot,2026-04-09,derived_from_lv2_inputs_and_current_sandbox_contract
sequenceType,component_payload: modules:optional,non_canonical_snapshot,2026-04-09,derived_from_lv2_inputs_and_current_sandbox_contract
shortSummaryLessonAdmin,component_payload: lessons:required,non_canonical_snapshot,2026-04-09,derived_from_lv2_inputs_and_current_sandbox_contract
shortSummaryLessonStudent,component_payload: lessons:required,non_canonical_snapshot,2026-04-09,derived_from_lv2_inputs_and_current_sandbox_contract
shortSummaryTeacherActivity,activity_profiles: ACT-001:required; ACT-002:required; ACT-003:required; ACT-004:required; ACT-005:required; ACT-009:required; ACT-010:required; ACT-011:required; ACT-012:required; ACT-013:required; ACT-014:required; ACT-015:required; ACT-016:required; ACT-017:required; ACT-018:required; ACT-019:required; ACT-020:required; ACT-021:required; ACT-022:required; ACT-023:required; ACT-024:required; ACT-025:required; ACT-026:required,non_canonical_snapshot,2026-04-09,derived_from_lv2_inputs_and_current_sandbox_contract
shortSummaryTeacherGroup,component_payload: groups:required,non_canonical_snapshot,2026-04-09,derived_from_lv2_inputs_and_current_sandbox_contract
shortSummaryTeacherLesson,component_payload: lessons:required,non_canonical_snapshot,2026-04-09,derived_from_lv2_inputs_and_current_sandbox_contract
shortSummaryTeacherModule,component_payload: modules:required,non_canonical_snapshot,2026-04-09,derived_from_lv2_inputs_and_current_sandbox_contract
shortSummaryTeacherSlide,component_payload: slides:required | activity_profiles: ACT-001:required; ACT-002:required; ACT-003:required; ACT-004:required; ACT-005:required; ACT-009:required; ACT-010:required; ACT-011:required; ACT-012:required; ACT-013:required; ACT-014:required; ACT-015:required; ACT-016:required; ACT-017:required; ACT-018:required; ACT-019:required; ACT-020:required; ACT-021:required; ACT-022:required; ACT-023:required; ACT-024:required; ACT-025:required; ACT-026:required,non_canonical_snapshot,2026-04-09,derived_from_lv2_inputs_and_current_sandbox_contract
signatureMetaphors,component_payload: groups:optional; lessons:optional; slides:optional | activity_profiles: ACT-001:optional; ACT-002:optional; ACT-003:optional; ACT-004:optional; ACT-005:optional; ACT-009:optional; ACT-010:optional; ACT-011:optional; ACT-012:optional; ACT-013:optional; ACT-014:optional; ACT-015:optional; ACT-016:optional; ACT-017:optional; ACT-018:optional; ACT-019:optional; ACT-020:optional; ACT-021:optional; ACT-022:optional; ACT-023:optional; ACT-024:optional; ACT-025:optional; ACT-026:optional,non_canonical_snapshot,2026-04-09,derived_from_lv2_inputs_and_current_sandbox_contract
simplificationGuidelines,component_payload: groups:optional; lessons:optional; modules:optional; slides:optional | activity_profiles: ACT-001:optional; ACT-002:optional; ACT-003:optional; ACT-004:optional; ACT-005:optional; ACT-009:optional; ACT-010:optional; ACT-011:optional; ACT-012:optional; ACT-013:optional; ACT-014:optional; ACT-015:optional; ACT-016:optional; ACT-017:optional; ACT-018:optional; ACT-019:optional; ACT-020:optional; ACT-021:optional; ACT-022:optional; ACT-023:optional; ACT-024:optional; ACT-025:optional; ACT-026:optional,non_canonical_snapshot,2026-04-09,derived_from_lv2_inputs_and_current_sandbox_contract
skipPolicy,component_payload: groups:optional; lessons:optional | activity_profiles: ACT-001:required; ACT-002:required; ACT-003:required; ACT-004:required; ACT-005:required; ACT-009:required; ACT-010:required; ACT-011:required; ACT-012:required; ACT-013:required; ACT-014:required; ACT-015:required; ACT-016:required; ACT-017:required; ACT-018:required; ACT-019:required; ACT-020:required; ACT-021:required; ACT-022:required; ACT-023:required; ACT-024:required; ACT-025:required; ACT-026:required,non_canonical_snapshot,2026-04-09,derived_from_lv2_inputs_and_current_sandbox_contract
slideId,component_payload: lesson_ends:required; slides:required; title_slides:required | activity_profiles: ACT-001:required; ACT-002:required; ACT-003:required; ACT-004:required; ACT-005:required; ACT-009:required; ACT-010:required; ACT-011:required; ACT-012:required; ACT-013:required; ACT-014:required; ACT-015:required; ACT-016:required; ACT-017:required; ACT-018:required; ACT-019:required; ACT-020:required; ACT-021:required; ACT-022:required; ACT-023:required; ACT-024:required; ACT-025:required; ACT-026:required,non_canonical_snapshot,2026-04-09,derived_from_lv2_inputs_and_current_sandbox_contract
slidePlan,component_payload: groups:required; lessons:optional,non_canonical_snapshot,2026-04-09,derived_from_lv2_inputs_and_current_sandbox_contract
slug,component_payload: groups:required; lesson_ends:required; lessons:required; modules:required; slides:required; title_slides:required | activity_profiles: ACT-001:required; ACT-002:required; ACT-003:required; ACT-004:required; ACT-005:required; ACT-009:required; ACT-010:required; ACT-011:required; ACT-012:required; ACT-013:required; ACT-014:required; ACT-015:required; ACT-016:required; ACT-017:required; ACT-018:required; ACT-019:required; ACT-020:required; ACT-021:required; ACT-022:required; ACT-023:required; ACT-024:required; ACT-025:required; ACT-026:required,non_canonical_snapshot,2026-04-09,derived_from_lv2_inputs_and_current_sandbox_contract
sourceVersion,component_payload: groups:required; lesson_ends:required; lessons:required; modules:required; slides:required; title_slides:required | activity_profiles: ACT-001:required; ACT-002:required; ACT-003:required; ACT-004:required; ACT-005:required; ACT-009:required; ACT-010:required; ACT-011:required; ACT-012:required; ACT-013:required; ACT-014:required; ACT-015:required; ACT-016:required; ACT-017:required; ACT-018:required; ACT-019:required; ACT-020:required; ACT-021:required; ACT-022:required; ACT-023:required; ACT-024:required; ACT-025:required; ACT-026:required,non_canonical_snapshot,2026-04-09,derived_from_lv2_inputs_and_current_sandbox_contract
statement,activity_profiles: ACT-011:required,non_canonical_snapshot,2026-04-09,derived_from_lv2_inputs_and_current_sandbox_contract
styleConstraints,component_payload: groups:optional; lessons:optional; modules:optional; slides:optional | activity_profiles: ACT-001:optional; ACT-002:optional; ACT-003:optional; ACT-004:optional; ACT-005:optional; ACT-009:optional; ACT-010:optional; ACT-011:optional; ACT-012:optional; ACT-013:optional; ACT-014:optional; ACT-015:optional; ACT-016:optional; ACT-017:optional; ACT-018:optional; ACT-019:optional; ACT-020:optional; ACT-021:optional; ACT-022:optional; ACT-023:optional; ACT-024:optional; ACT-025:optional; ACT-026:optional,non_canonical_snapshot,2026-04-09,derived_from_lv2_inputs_and_current_sandbox_contract
subtitle,component_payload: title_slides:required | activity_profiles: ACT-001:optional; ACT-002:optional; ACT-003:optional; ACT-004:optional; ACT-005:optional; ACT-009:optional; ACT-010:optional; ACT-011:optional; ACT-012:optional; ACT-013:optional; ACT-014:optional; ACT-015:optional; ACT-016:optional; ACT-017:optional; ACT-018:optional; ACT-019:optional; ACT-020:optional; ACT-021:optional; ACT-022:optional; ACT-023:optional; ACT-024:optional; ACT-025:optional; ACT-026:optional,non_canonical_snapshot,2026-04-09,derived_from_lv2_inputs_and_current_sandbox_contract
successCriteria,component_payload: groups:optional; lessons:optional | activity_profiles: ACT-001:required; ACT-002:required; ACT-003:required; ACT-004:required; ACT-005:required; ACT-009:required; ACT-010:required; ACT-011:required; ACT-012:required; ACT-013:required; ACT-014:required; ACT-015:required; ACT-016:required; ACT-017:required; ACT-018:required; ACT-019:required; ACT-020:required; ACT-021:required; ACT-022:required; ACT-023:required; ACT-024:required; ACT-025:required; ACT-026:required,non_canonical_snapshot,2026-04-09,derived_from_lv2_inputs_and_current_sandbox_contract
syllableBreakdown,activity_profiles: ACT-002:required,non_canonical_snapshot,2026-04-09,derived_from_lv2_inputs_and_current_sandbox_contract
tags,component_payload: groups:required; lessons:required; modules:required; slides:required; title_slides:required | activity_profiles: ACT-001:required; ACT-002:required; ACT-003:required; ACT-004:required; ACT-005:required; ACT-009:required; ACT-010:required; ACT-011:required; ACT-012:required; ACT-013:required; ACT-014:required; ACT-015:required; ACT-016:required; ACT-017:required; ACT-018:required; ACT-019:required; ACT-020:required; ACT-021:required; ACT-022:required; ACT-023:required; ACT-024:required; ACT-025:required; ACT-026:required,non_canonical_snapshot,2026-04-09,derived_from_lv2_inputs_and_current_sandbox_contract
targetedEdges,component_payload: groups:required; lessons:required | activity_profiles: ACT-001:required; ACT-002:required; ACT-003:required; ACT-004:required; ACT-005:required; ACT-009:required; ACT-010:required; ACT-011:required; ACT-012:required; ACT-013:required; ACT-014:required; ACT-015:required; ACT-016:required; ACT-017:required; ACT-018:required; ACT-019:required; ACT-020:required; ACT-021:required; ACT-022:required; ACT-023:required; ACT-024:required; ACT-025:required; ACT-026:required,non_canonical_snapshot,2026-04-09,derived_from_lv2_inputs_and_current_sandbox_contract
targetedNodes,component_payload: groups:required; lessons:required | activity_profiles: ACT-001:required; ACT-002:required; ACT-003:required; ACT-004:required; ACT-005:required; ACT-009:required; ACT-010:required; ACT-011:required; ACT-012:required; ACT-013:required; ACT-014:required; ACT-015:required; ACT-016:required; ACT-017:required; ACT-018:required; ACT-019:required; ACT-020:required; ACT-021:required; ACT-022:required; ACT-023:required; ACT-024:required; ACT-025:required; ACT-026:required,non_canonical_snapshot,2026-04-09,derived_from_lv2_inputs_and_current_sandbox_contract
targetedSlices,component_payload: groups:required; lessons:required | activity_profiles: ACT-001:required; ACT-002:required; ACT-003:required; ACT-004:required; ACT-005:required; ACT-009:required; ACT-010:required; ACT-011:required; ACT-012:required; ACT-013:required; ACT-014:required; ACT-015:required; ACT-016:required; ACT-017:required; ACT-018:required; ACT-019:required; ACT-020:required; ACT-021:required; ACT-022:required; ACT-023:required; ACT-024:required; ACT-025:required; ACT-026:required,non_canonical_snapshot,2026-04-09,derived_from_lv2_inputs_and_current_sandbox_contract
targetKeywords,activity_profiles: ACT-022:required,non_canonical_snapshot,2026-04-09,derived_from_lv2_inputs_and_current_sandbox_contract
targetLanguage,component_payload: groups:required; lesson_ends:required; lessons:required; modules:required; slides:required; title_slides:required | activity_profiles: ACT-001:required; ACT-002:required; ACT-003:required; ACT-004:required; ACT-005:required; ACT-009:required; ACT-010:required; ACT-011:required; ACT-012:required; ACT-013:required; ACT-014:required; ACT-015:required; ACT-016:required; ACT-017:required; ACT-018:required; ACT-019:required; ACT-020:required; ACT-021:required; ACT-022:required; ACT-023:required; ACT-024:required; ACT-025:required; ACT-026:required,non_canonical_snapshot,2026-04-09,derived_from_lv2_inputs_and_current_sandbox_contract
targetNodeKeys,component_payload: groups:required; lessons:required; slides:optional | activity_profiles: ACT-001:required; ACT-002:required; ACT-003:required; ACT-004:required; ACT-005:required; ACT-009:required; ACT-010:required; ACT-011:required; ACT-012:required; ACT-013:required; ACT-014:required; ACT-015:required; ACT-016:required; ACT-017:required; ACT-018:required; ACT-019:required; ACT-020:required; ACT-021:required; ACT-022:required; ACT-023:required; ACT-024:required; ACT-025:required; ACT-026:required,non_canonical_snapshot,2026-04-09,derived_from_lv2_inputs_and_current_sandbox_contract
targetText,activity_profiles: ACT-005:required; ACT-020:required; ACT-026:required,non_canonical_snapshot,2026-04-09,derived_from_lv2_inputs_and_current_sandbox_contract
teacherNotes,component_payload: groups:optional; lessons:optional; modules:optional; slides:optional | activity_profiles: ACT-001:optional; ACT-002:optional; ACT-003:optional; ACT-004:optional; ACT-005:optional; ACT-009:optional; ACT-010:optional; ACT-011:optional; ACT-012:optional; ACT-013:optional; ACT-014:optional; ACT-015:optional; ACT-016:optional; ACT-017:optional; ACT-018:optional; ACT-019:optional; ACT-020:optional; ACT-021:optional; ACT-022:optional; ACT-023:optional; ACT-024:optional; ACT-025:optional; ACT-026:optional,non_canonical_snapshot,2026-04-09,derived_from_lv2_inputs_and_current_sandbox_contract
teacherOverview,component_payload: groups:required; lessons:required; modules:optional; slides:optional | activity_profiles: ACT-001:optional; ACT-002:optional; ACT-003:optional; ACT-004:optional; ACT-005:optional; ACT-009:optional; ACT-010:optional; ACT-011:optional; ACT-012:optional; ACT-013:optional; ACT-014:optional; ACT-015:optional; ACT-016:optional; ACT-017:optional; ACT-018:optional; ACT-019:optional; ACT-020:optional; ACT-021:optional; ACT-022:optional; ACT-023:optional; ACT-024:optional; ACT-025:optional; ACT-026:optional,non_canonical_snapshot,2026-04-09,derived_from_lv2_inputs_and_current_sandbox_contract
telemetryTags,component_payload: groups:required; lesson_ends:optional; lessons:optional; modules:optional; slides:optional | activity_profiles: ACT-001:required; ACT-002:required; ACT-003:required; ACT-004:required; ACT-005:required; ACT-009:required; ACT-010:required; ACT-011:required; ACT-012:required; ACT-013:required; ACT-014:required; ACT-015:required; ACT-016:required; ACT-017:required; ACT-018:required; ACT-019:required; ACT-020:required; ACT-021:required; ACT-022:required; ACT-023:required; ACT-024:required; ACT-025:required; ACT-026:required,non_canonical_snapshot,2026-04-09,derived_from_lv2_inputs_and_current_sandbox_contract
tenseBins,activity_profiles: ACT-016:required,non_canonical_snapshot,2026-04-09,derived_from_lv2_inputs_and_current_sandbox_contract
textSubtype,component_payload: slides:optional | activity_profiles: ACT-001:optional; ACT-002:optional; ACT-003:optional; ACT-004:optional; ACT-005:optional; ACT-009:optional; ACT-010:optional; ACT-011:optional; ACT-012:optional; ACT-013:optional; ACT-014:optional; ACT-015:optional; ACT-016:optional; ACT-017:optional; ACT-018:optional; ACT-019:optional; ACT-020:optional; ACT-021:optional; ACT-022:optional; ACT-023:optional; ACT-024:optional; ACT-025:optional; ACT-026:optional,non_canonical_snapshot,2026-04-09,derived_from_lv2_inputs_and_current_sandbox_contract
timeExpectationActivity,activity_profiles: ACT-001:optional; ACT-002:optional; ACT-003:optional; ACT-004:optional; ACT-005:optional; ACT-009:optional; ACT-010:optional; ACT-011:optional; ACT-012:optional; ACT-013:optional; ACT-014:optional; ACT-015:optional; ACT-016:optional; ACT-017:optional; ACT-018:optional; ACT-019:optional; ACT-020:optional; ACT-021:optional; ACT-022:optional; ACT-023:optional; ACT-024:optional; ACT-025:optional; ACT-026:optional,non_canonical_snapshot,2026-04-09,derived_from_lv2_inputs_and_current_sandbox_contract
timeExpectationGroup,component_payload: groups:required,non_canonical_snapshot,2026-04-09,derived_from_lv2_inputs_and_current_sandbox_contract
timeExpectationLesson,component_payload: lessons:required,non_canonical_snapshot,2026-04-09,derived_from_lv2_inputs_and_current_sandbox_contract
title,component_payload: groups:required; lessons:required; modules:required; title_slides:required | activity_profiles: ACT-001:optional; ACT-002:optional; ACT-003:optional; ACT-004:optional; ACT-005:optional; ACT-009:optional; ACT-010:optional; ACT-011:optional; ACT-012:optional; ACT-013:optional; ACT-014:optional; ACT-015:optional; ACT-016:optional; ACT-017:optional; ACT-018:optional; ACT-019:optional; ACT-020:optional; ACT-021:optional; ACT-022:optional; ACT-023:optional; ACT-024:optional; ACT-025:optional; ACT-026:optional,non_canonical_snapshot,2026-04-09,derived_from_lv2_inputs_and_current_sandbox_contract
topicCategory,component_payload: groups:optional; lessons:optional; modules:optional | activity_profiles: ACT-001:optional; ACT-002:optional; ACT-003:optional; ACT-004:optional; ACT-005:optional; ACT-009:optional; ACT-010:optional; ACT-011:optional; ACT-012:optional; ACT-013:optional; ACT-014:optional; ACT-015:optional; ACT-016:optional; ACT-017:optional; ACT-018:optional; ACT-019:optional; ACT-020:optional; ACT-021:optional; ACT-022:optional; ACT-023:optional; ACT-024:optional; ACT-025:optional; ACT-026:optional,non_canonical_snapshot,2026-04-09,derived_from_lv2_inputs_and_current_sandbox_contract
type,component_payload: slides:required | activity_profiles: ACT-001:required; ACT-002:required; ACT-003:required; ACT-004:required; ACT-005:required; ACT-009:required; ACT-010:required; ACT-011:required; ACT-012:required; ACT-013:required; ACT-014:required; ACT-015:required; ACT-016:required; ACT-017:required; ACT-018:required; ACT-019:required; ACT-020:required; ACT-021:required; ACT-022:required; ACT-023:required; ACT-024:required; ACT-025:required; ACT-026:required,non_canonical_snapshot,2026-04-09,derived_from_lv2_inputs_and_current_sandbox_contract
version,component_payload: groups:required; lesson_ends:required; lessons:required; modules:required; slides:required; title_slides:required | activity_profiles: ACT-001:required; ACT-002:required; ACT-003:required; ACT-004:required; ACT-005:required; ACT-009:required; ACT-010:required; ACT-011:required; ACT-012:required; ACT-013:required; ACT-014:required; ACT-015:required; ACT-016:required; ACT-017:required; ACT-018:required; ACT-019:required; ACT-020:required; ACT-021:required; ACT-022:required; ACT-023:required; ACT-024:required; ACT-025:required; ACT-026:required,non_canonical_snapshot,2026-04-09,derived_from_lv2_inputs_and_current_sandbox_contract
visibility,component_payload: groups:required; lesson_ends:required; lessons:required; modules:required; slides:required; title_slides:required | activity_profiles: ACT-001:required; ACT-002:required; ACT-003:required; ACT-004:required; ACT-005:required; ACT-009:required; ACT-010:required; ACT-011:required; ACT-012:required; ACT-013:required; ACT-014:required; ACT-015:required; ACT-016:required; ACT-017:required; ACT-018:required; ACT-019:required; ACT-020:required; ACT-021:required; ACT-022:required; ACT-023:required; ACT-024:required; ACT-025:required; ACT-026:required,non_canonical_snapshot,2026-04-09,derived_from_lv2_inputs_and_current_sandbox_contract
vocabularyTheme,component_payload: groups:optional; lessons:optional; modules:optional | activity_profiles: ACT-001:optional; ACT-002:optional; ACT-003:optional; ACT-004:optional; ACT-005:optional; ACT-009:optional; ACT-010:optional; ACT-011:optional; ACT-012:optional; ACT-013:optional; ACT-014:optional; ACT-015:optional; ACT-016:optional; ACT-017:optional; ACT-018:optional; ACT-019:optional; ACT-020:optional; ACT-021:optional; ACT-022:optional; ACT-023:optional; ACT-024:optional; ACT-025:optional; ACT-026:optional,non_canonical_snapshot,2026-04-09,derived_from_lv2_inputs_and_current_sandbox_contract
word,activity_profiles: ACT-024:required,non_canonical_snapshot,2026-04-09,derived_from_lv2_inputs_and_current_sandbox_contract
wordAudio,activity_profiles: ACT-024:required,non_canonical_snapshot,2026-04-09,derived_from_lv2_inputs_and_current_sandbox_contract
wordBank,activity_profiles: ACT-014:required; ACT-018:required,non_canonical_snapshot,2026-04-09,derived_from_lv2_inputs_and_current_sandbox_contract
